Local;Estado;País;Cliques;Impr.;CTR;CPC médio;Custo
Goiânia; Goiás; Brasil;49;3077;1.59%;0.37;17.93
Campinas; São Paulo; Brasil;37;2605;1.42%;0.61;22.59
Taubaté; São Paulo; Brasil;11;458;2.40%;0.4;4.36
Mogi das Cruzes; São Paulo; Brasil;2;149;1.34%;0.92;1.83
Barreiras; Bahia; Brasil;9;513;1.75%;0.49;4.39
Guarapari; Espírito Santo; Brasil;4;257;1.56%;0.21;0.84
Cambará; Paraná; Brasil;1;66;1.52%;0.39;0.39
Criciúma; Santa Catarina; Brasil;4;563;0.71%;0.29;1.15
São Carlos; São Paulo; Brasil;10;517;1.93%;0.45;4.47
Paulista; Pernambuco; Brasil;15;370;4.05%;0.12;1.73
Redenção; Pará; Brasil;6;153;3.92%;0.19;1.17
Sombrio; Santa Catarina; Brasil;0;56;0.00%;--;0
Ituiutaba; Minas Gerais; Brasil;5;242;2.07%;0.3;1.52
Mateus Leme; Minas Gerais; Brasil;0;13;0.00%;--;0
Cajuru; São Paulo; Brasil;0;64;0.00%;--;0
Caucaia; Ceará; Brasil;9;430;2.09%;0.17;1.55
Goianésia; Goiás; Brasil;2;153;1.31%;0.14;0.28
Pereira Barreto; São Paulo; Brasil;0;41;0.00%;--;0
São Benedito; Ceará; Brasil;2;43;4.65%;0.11;0.22
Valinhos; São Paulo; Brasil;0;9;0.00%;--;0
Votorantim; São Paulo; Brasil;0;23;0.00%;--;0
Marataízes; Espírito Santo; Brasil;2;70;2.86%;0.53;1.06
Itapeva; Minas Gerais; Brasil;0;10;0.00%;--;0
Paraty; Rio de Janeiro; Brasil;2;64;3.13%;0.15;0.31
Abelardo Luz; Santa Catarina; Brasil;1;41;2.44%;0.63;0.63
Ibaté; São Paulo; Brasil;0;5;0.00%;--;0
Tietê; São Paulo; Brasil;3;154;1.95%;1.24;3.73
Niquelândia; Goiás; Brasil;4;134;2.99%;0.35;1.41
Alegrete; Rio Grande do Sul; Brasil;6;184;3.26%;0.29;1.72
Itaí; São Paulo; Brasil;0;45;0.00%;--;0
Bom Jesus da Lapa; Bahia; Brasil;9;163;5.52%;0.14;1.29
Vitória de Santo Antão; Pernambuco; Brasil;3;128;2.34%;0.71;2.12
São Mateus do Sul; Paraná; Brasil;1;125;0.80%;0.84;0.84
Osório; Rio Grande do Sul; Brasil;0;81;0.00%;--;0
Paragominas; Pará; Brasil;10;303;3.30%;0.27;2.73
São Vicente; São Paulo; Brasil;3;325;0.92%;0.38;1.13
Vacaria; Rio Grande do Sul; Brasil;3;190;1.58%;0.71;2.14
Santana do Ipanema; Alagoas; Brasil;1;90;1.11%;0.08;0.08
Natuba; Paraíba; Brasil;0;50;0.00%;--;0
Teodoro Sampaio; São Paulo; Brasil;2;62;3.23%;0.3;0.6
Alpinópolis; Minas Gerais; Brasil;0;61;0.00%;--;0
Bom Jesus dos Perdões; São Paulo; Brasil;0;39;0.00%;--;0
Cananéia; São Paulo; Brasil;1;36;2.78%;0.18;0.18
Matozinhos; Minas Gerais; Brasil;0;11;0.00%;--;0
Trindade; Goiás; Brasil;3;165;1.82%;0.31;0.93
Tambaú; São Paulo; Brasil;4;80;5.00%;0.34;1.38
Quirinópolis; Goiás; Brasil;0;189;0.00%;--;0
São José da Lapa; Minas Gerais; Brasil;0;6;0.00%;--;0
Novo Gama; Goiás; Brasil;6;160;3.75%;0.21;1.28
Santo Antônio do Descoberto; Goiás; Brasil;0;1;0.00%;--;0
Dois Irmãos; Rio Grande do Sul; Brasil;0;29;0.00%;--;0
Barueri; São Paulo; Brasil;11;762;1.44%;0.3;3.35
Barcarena; Pará; Brasil;8;222;3.60%;0.17;1.39
São Borja; Rio Grande do Sul; Brasil;4;111;3.60%;0.38;1.54
Ituverava; São Paulo; Brasil;1;68;1.47%;1.39;1.39
Parintins; Amazonas; Brasil;3;126;2.38%;0.2;0.61
Itatiaia; Rio de Janeiro; Brasil;0;13;0.00%;--;0
Santo André; São Paulo; Brasil;26;1387;1.87%;0.37;9.51
Santa Rita do Passa Quatro; São Paulo; Brasil;1;48;2.08%;0.83;0.83
Maranguape; Ceará; Brasil;0;17;0.00%;--;0
Silva Jardim; Rio de Janeiro; Brasil;3;25;12.00%;0.23;0.69
Rancharia; São Paulo; Brasil;5;135;3.70%;0.43;2.15
Maricá; Rio de Janeiro; Brasil;6;241;2.49%;0.37;2.22
Barra de São Francisco; Espírito Santo; Brasil;4;155;2.58%;0.57;2.3
Astorga; Paraná; Brasil;1;76;1.32%;0.42;0.42
Paraíso do Tocantins; Tocantins; Brasil;0;62;0.00%;--;0
Magé; Rio de Janeiro; Brasil;4;250;1.60%;0.29;1.16
José Bonifácio; São Paulo; Brasil;0;28;0.00%;--;0
Inhambupe; Bahia; Brasil;1;82;1.22%;0.73;0.73
Iporã; Paraná; Brasil;0;89;0.00%;--;0
Cajati; São Paulo; Brasil;0;20;0.00%;--;0
Santo Antônio do Sudoeste; Paraná; Brasil;0;63;0.00%;--;0
Imbituva; Paraná; Brasil;2;71;2.82%;0.44;0.87
Coromandel; Minas Gerais; Brasil;6;155;3.87%;0.49;2.91
São Gonçalo do Amarante; Rio Grande do Norte; Brasil;3;62;4.84%;0.25;0.76
Bom Princípio; Rio Grande do Sul; Brasil;0;17;0.00%;--;0
Arapoti; Paraná; Brasil;2;83;2.41%;0.36;0.72
Porto Real; Rio de Janeiro; Brasil;0;32;0.00%;--;0
Monte Alegre de Minas; Minas Gerais; Brasil;1;107;0.93%;0.25;0.25
Osório; Rio Grande do Sul; Brasil;3;100;3.00%;0.23;0.68
Três Passos; Rio Grande do Sul; Brasil;1;55;1.82%;0.46;0.46
Herval d'Oeste; Santa Catarina; Brasil;1;17;5.88%;0.1;0.1
Frutal; Minas Gerais; Brasil;5;189;2.65%;0.56;2.81
Três de Maio; Rio Grande do Sul; Brasil;3;89;3.37%;0.34;1.02
Palmeira das Missões; Rio Grande do Sul; Brasil;10;172;5.81%;0.83;8.34
Brusque; Santa Catarina; Brasil;0;261;0.00%;--;0
Canoinhas; Santa Catarina; Brasil;1;214;0.47%;0.36;0.36
Cravinhos; São Paulo; Brasil;1;50;2.00%;0.35;0.35
Três Rios; Rio de Janeiro; Brasil;0;165;0.00%;--;0
Mineiros; Goiás; Brasil;11;343;3.21%;0.44;4.87
Machado; Minas Gerais; Brasil;0;100;0.00%;--;0
Santa Fé do Sul; São Paulo; Brasil;0;59;0.00%;--;0
Vargem Grande Paulista; São Paulo; Brasil;3;99;3.03%;0.12;0.35
Itaúna; Minas Gerais; Brasil;2;267;0.75%;1.42;2.83
Maracanaú; Ceará; Brasil;4;353;1.13%;0.26;1.04
Ipameri; Goiás; Brasil;1;82;1.22%;0.43;0.43
Monteiro; Paraíba; Brasil;2;39;5.13%;0.17;0.35
Pirapora; Minas Gerais; Brasil;2;147;1.36%;0.18;0.36
Campina Verde; Minas Gerais; Brasil;0;44;0.00%;--;0
Escada; Pernambuco; Brasil;2;68;2.94%;0.39;0.78
Balsas; Maranhão; Brasil;4;230;1.74%;0.44;1.75
Cajazeiras; Paraíba; Brasil;2;52;3.85%;0.22;0.44
Mairiporã; São Paulo; Brasil;1;160;0.63%;0.43;0.43
Osasco; São Paulo; Brasil;19;1165;1.63%;0.65;12.3
Guariba; São Paulo; Brasil;1;83;1.20%;0.41;0.41
Nova Andradina; Mato Grosso do Sul; Brasil;2;115;1.74%;0.62;1.24
Mauriti; Ceará; Brasil;2;35;5.71%;0.2;0.4
Dois Vizinhos; Paraná; Brasil;3;128;2.34%;0.65;1.94
Conceição da Barra; Espírito Santo; Brasil;2;125;1.60%;0.25;0.5
Capanema; Paraná; Brasil;0;52;0.00%;--;0
Osvaldo Cruz; São Paulo; Brasil;5;60;8.33%;1.13;5.65
Juatuba; Minas Gerais; Brasil;5;94;5.32%;0.66;3.28
Cruzeiro do Sul; Acre; Brasil;1;91;1.10%;0.23;0.23
Cornélio Procópio; Paraná; Brasil;4;96;4.17%;0.38;1.52
Garça; São Paulo; Brasil;0;80;0.00%;--;0
Goiana; Pernambuco; Brasil;2;76;2.63%;0.55;1.09
Jaguarão; Rio Grande do Sul; Brasil;3;98;3.06%;0.18;0.54
Pontal do Paraná; Paraná; Brasil;1;37;2.70%;0.28;0.28
Monte Carmelo; Minas Gerais; Brasil;5;110;4.55%;0.26;1.32
Paty do Alferes; Rio de Janeiro; Brasil;0;71;0.00%;--;0
Araçoiaba da Serra; São Paulo; Brasil;0;17;0.00%;--;0
Petrópolis; Rio de Janeiro; Brasil;14;427;3.28%;0.39;5.42
Serra; Espírito Santo; Brasil;18;997;1.81%;0.46;8.33
Itatiba; São Paulo; Brasil;1;96;1.04%;1.87;1.87
Belém; Pará; Brasil;71;2488;2.85%;0.22;15.48
São José dos Pinhais; Paraná; Brasil;15;873;1.72%;0.41;6.08
Vitória da Conquista; Bahia; Brasil;16;667;2.40%;0.17;2.75
Matriz de Camaragibe; Alagoas; Brasil;2;37;5.41%;0.23;0.46
Canoas; Rio Grande do Sul; Brasil;8;757;1.06%;0.35;2.81
Catalão; Goiás; Brasil;3;282;1.06%;0.29;0.86
Ponta Grossa; Paraná; Brasil;8;885;0.90%;0.28;2.25
Rio Claro; São Paulo; Brasil;7;448;1.56%;0.67;4.68
Uberlândia; Minas Gerais; Brasil;32;1799;1.78%;0.48;15.31
Boa Vista; Roraima; Brasil;7;495;1.41%;0.35;2.44
Cunha Porã; Santa Catarina; Brasil;0;16;0.00%;--;0
São Lourenço do Oeste; Santa Catarina; Brasil;0;70;0.00%;--;0
Guararapes; São Paulo; Brasil;1;45;2.22%;0.26;0.26
Brodowski; São Paulo; Brasil;0;3;0.00%;--;0
Suzano; São Paulo; Brasil;3;540;0.56%;0.29;0.88
Bertioga; São Paulo; Brasil;3;108;2.78%;0.53;1.58
Guarapuava; Paraná; Brasil;10;491;2.04%;0.66;6.58
Buritama; São Paulo; Brasil;0;29;0.00%;--;0
Tapes; Rio Grande do Sul; Brasil;0;101;0.00%;--;0
Ponte Nova; Minas Gerais; Brasil;5;110;4.55%;0.3;1.52
Pau dos Ferros; Rio Grande do Norte; Brasil;0;38;0.00%;--;0
Araquari; Santa Catarina; Brasil;0;87;0.00%;--;0
Paço do Lumiar; Maranhão; Brasil;6;186;3.23%;0.17;1.02
Venda Nova do Imigrante; Espírito Santo; Brasil;3;98;3.06%;0.42;1.27
Conchal; São Paulo; Brasil;1;46;2.17%;0.35;0.35
Pedreira; São Paulo; Brasil;2;66;3.03%;0.23;0.45
Teixeira de Freitas; Bahia; Brasil;4;251;1.59%;0.53;2.12
União da Vitória; Paraná; Brasil;1;46;2.17%;0.8;0.8
Goianira; Goiás; Brasil;3;79;3.80%;0.24;0.71
Jandira; São Paulo; Brasil;5;392;1.28%;1.01;5.04
Bueno Brandão; Minas Gerais; Brasil;1;16;6.25%;0.29;0.29
Cianorte; Paraná; Brasil;2;190;1.05%;0.52;1.04
Campo Grande; Mato Grosso do Sul; Brasil;53;2521;2.10%;0.31;16.63
Sinop; Mato Grosso; Brasil;11;415;2.65%;0.24;2.61
Vila Velha; Espírito Santo; Brasil;13;835;1.56%;0.34;4.38
Cabo de Santo Agostinho; Pernambuco; Brasil;10;276;3.62%;0.26;2.62
Matelândia; Paraná; Brasil;1;37;2.70%;0.41;0.41
Messias; Alagoas; Brasil;0;8;0.00%;--;0
Itajaí; Santa Catarina; Brasil;10;695;1.44%;0.37;3.7
Acaraú; Ceará; Brasil;1;16;6.25%;0.08;0.08
Sapucaia do Sul; Rio Grande do Sul; Brasil;1;273;0.37%;0.24;0.24
Paraguaçu Paulista; São Paulo; Brasil;4;80;5.00%;0.29;1.15
Guaporé; Rio Grande do Sul; Brasil;0;151;0.00%;--;0
Caeté; Minas Gerais; Brasil;3;133;2.26%;0.31;0.92
Santa Isabel do Pará; Pará; Brasil;4;46;8.70%;0.15;0.62
Embu-Guaçu; São Paulo; Brasil;1;122;0.82%;0.16;0.16
Pirassununga; São Paulo; Brasil;2;134;1.49%;1.45;2.9
Aracruz; Espírito Santo; Brasil;0;148;0.00%;--;0
Goiatuba; Goiás; Brasil;3;183;1.64%;0.44;1.31
Castilho; São Paulo; Brasil;1;65;1.54%;0.53;0.53
São Miguel dos Milagres; Alagoas; Brasil;0;25;0.00%;--;0
Biritiba Mirim; São Paulo; Brasil;0;47;0.00%;--;0
Bragança; Pará; Brasil;3;104;2.88%;0.27;0.81
Serrana; São Paulo; Brasil;2;56;3.57%;0.42;0.84
Olímpia; São Paulo; Brasil;1;66;1.52%;0.37;0.37
Sarzedo; Minas Gerais; Brasil;0;72;0.00%;--;0
Araruama; Rio de Janeiro; Brasil;1;19;5.26%;0.39;0.39
Santo Antônio de Posse; São Paulo; Brasil;0;39;0.00%;--;0
Nepomuceno; Minas Gerais; Brasil;1;53;1.89%;0.3;0.3
Belford Roxo; Rio de Janeiro; Brasil;8;340;2.35%;0.34;2.69
Cândido Mota; São Paulo; Brasil;1;59;1.69%;0.06;0.06
Orlândia; São Paulo; Brasil;0;7;0.00%;--;0
Sumidouro; Rio de Janeiro; Brasil;0;27;0.00%;--;0
Santana; Amapá; Brasil;3;93;3.23%;0.17;0.51
Três Marias; Minas Gerais; Brasil;4;127;3.15%;0.81;3.23
Joaçaba; Santa Catarina; Brasil;0;129;0.00%;--;0
Irati; Paraná; Brasil;0;139;0.00%;--;0
Barrinha; São Paulo; Brasil;2;57;3.51%;0.44;0.88
Valença; Bahia; Brasil;11;294;3.74%;0.31;3.36
Carmo; Rio de Janeiro; Brasil;1;48;2.08%;0.24;0.24
Garuva; Santa Catarina; Brasil;0;5;0.00%;--;0
Não-Me-Toque; Rio Grande do Sul; Brasil;0;79;0.00%;--;0
Itapevi; São Paulo; Brasil;9;370;2.43%;0.33;3
Ortigueira; Paraná; Brasil;0;74;0.00%;--;0
Sumaré; São Paulo; Brasil;5;660;0.76%;0.65;3.23
Nova Iguaçu; Rio de Janeiro; Brasil;9;942;0.96%;0.24;2.19
Ferraz de Vasconcelos; São Paulo; Brasil;4;158;2.53%;0.41;1.63
Ivinhema; Mato Grosso do Sul; Brasil;2;98;2.04%;0.47;0.95
Cuiabá; Mato Grosso; Brasil;28;1349;2.08%;0.31;8.55
Campo Largo; Paraná; Brasil;7;316;2.22%;0.64;4.45
Paiçandu; Paraná; Brasil;1;74;1.35%;0.21;0.21
Cubatão; São Paulo; Brasil;5;254;1.97%;0.31;1.54
Viamão; Rio Grande do Sul; Brasil;5;340;1.47%;0.34;1.68
Morada Nova; Ceará; Brasil;1;109;0.92%;0.06;0.06
Colombo; Paraná; Brasil;10;513;1.95%;0.51;5.07
Alfredo Chaves; Espírito Santo; Brasil;0;43;0.00%;--;0
Tupaciguara; Minas Gerais; Brasil;1;69;1.45%;0.51;0.51
Santa Bárbara d'Oeste; São Paulo; Brasil;8;326;2.45%;0.61;4.89
Pinhais; Paraná; Brasil;4;466;0.86%;0.37;1.47
Santa Isabel; São Paulo; Brasil;3;117;2.56%;0.23;0.7
Mesquita; Rio de Janeiro; Brasil;1;130;0.77%;0.38;0.38
Confins; Minas Gerais; Brasil;0;19;0.00%;--;0
Parnaíba; Piauí; Brasil;6;167;3.59%;0.4;2.43
Pirassununga; São Paulo; Brasil;3;111;2.70%;0.32;0.97
Primavera do Leste; Mato Grosso; Brasil;15;348;4.31%;0.2;3.04
Farroupilha; Rio Grande do Sul; Brasil;1;188;0.53%;0.14;0.14
São José da Laje; Alagoas; Brasil;1;29;3.45%;0.06;0.06
Hortolândia; São Paulo; Brasil;13;538;2.42%;0.82;10.71
Parobé; Rio Grande do Sul; Brasil;0;83;0.00%;--;0
Goiana; Pernambuco; Brasil;2;112;1.79%;0.39;0.78
Cruz Alta; Rio Grande do Sul; Brasil;0;158;0.00%;--;0
Caruaru; Pernambuco; Brasil;18;487;3.70%;0.21;3.73
Pirapozinho; São Paulo; Brasil;2;80;2.50%;0.2;0.39
São Francisco do Conde; Bahia; Brasil;1;54;1.85%;0.23;0.23
Cacique Doble; Rio Grande do Sul; Brasil;0;14;0.00%;--;0
Erechim; Rio Grande do Sul; Brasil;0;254;0.00%;--;0
Lagoa da Prata; Minas Gerais; Brasil;4;139;2.88%;0.38;1.52
Gurupi; Tocantins; Brasil;8;136;5.88%;0.28;2.25
Nerópolis; Goiás; Brasil;0;47;0.00%;--;0
Cunha; São Paulo; Brasil;1;53;1.89%;0.1;0.1
Taquarituba; São Paulo; Brasil;4;69;5.80%;0.32;1.28
Araricá; Rio Grande do Sul; Brasil;1;33;3.03%;0.18;0.18
Santa Terezinha de Itaipu; Paraná; Brasil;1;41;2.44%;0.7;0.7
Macaíba; Rio Grande do Norte; Brasil;2;41;4.88%;0.3;0.59
Pombal; Paraíba; Brasil;2;68;2.94%;0.05;0.11
Casimiro de Abreu; Rio de Janeiro; Brasil;0;56;0.00%;--;0
Breves; Pará; Brasil;2;73;2.74%;0.2;0.4
Forquilhinha; Santa Catarina; Brasil;1;8;12.50%;0.62;0.62
Pindorama; São Paulo; Brasil;1;52;1.92%;0.52;0.52
Biguaçu; Santa Catarina; Brasil;1;143;0.70%;0.19;0.19
Campo Formoso; Bahia; Brasil;4;127;3.15%;0.2;0.8
Praia Grande; São Paulo; Brasil;6;569;1.05%;0.36;2.17
Russas; Ceará; Brasil;0;65;0.00%;--;0
Rolândia; Paraná; Brasil;0;26;0.00%;--;0
Três Pontas; Minas Gerais; Brasil;1;143;0.70%;0.98;0.98
Prata; Minas Gerais; Brasil;2;107;1.87%;0.36;0.72
Medianeira; Paraná; Brasil;1;133;0.75%;0.51;0.51
Três Corações; Minas Gerais; Brasil;0;81;0.00%;--;0
Caxias; Maranhão; Brasil;2;228;0.88%;0.2;0.4
Caicó; Rio Grande do Norte; Brasil;1;101;0.99%;0.07;0.07
Juína; Mato Grosso; Brasil;3;172;1.74%;0.24;0.72
Cambuci; Rio de Janeiro; Brasil;1;22;4.55%;1.67;1.67
Nova Lima; Minas Gerais; Brasil;3;232;1.29%;0.24;0.72
Itaguaí; Rio de Janeiro; Brasil;7;243;2.88%;0.31;2.15
Salto de Pirapora; São Paulo; Brasil;0;103;0.00%;--;0
Novo Horizonte; São Paulo; Brasil;0;65;0.00%;--;0
Arroio dos Ratos; Rio Grande do Sul; Brasil;1;44;2.27%;0.74;0.74
Serrinha; Bahia; Brasil;14;309;4.53%;0.33;4.66
Conselheiro Lafaiete; Minas Gerais; Brasil;3;258;1.16%;0.47;1.41
Bom Despacho; Minas Gerais; Brasil;1;65;1.54%;0.11;0.11
Conceição do Mato Dentro; Minas Gerais; Brasil;2;154;1.30%;0.34;0.69
Salto do Lontra; Paraná; Brasil;0;13;0.00%;--;0
Sorriso; Mato Grosso; Brasil;12;330;3.64%;0.31;3.69
Marituba; Pará; Brasil;4;70;5.71%;0.58;2.33
Reserva; Paraná; Brasil;0;72;0.00%;--;0
Concórdia; Santa Catarina; Brasil;3;96;3.13%;0.39;1.16
Carmo do Paranaíba; Minas Gerais; Brasil;2;211;0.95%;1.03;2.06
Curvelo; Minas Gerais; Brasil;5;231;2.16%;0.29;1.43
Piúma; Espírito Santo; Brasil;0;23;0.00%;--;0
Jarinu; São Paulo; Brasil;0;6;0.00%;--;0
Jaguaré; Espírito Santo; Brasil;0;29;0.00%;--;0
Torres; Rio Grande do Sul; Brasil;5;92;5.43%;0.37;1.85
São João da Barra; Rio de Janeiro; Brasil;5;118;4.24%;0.31;1.53
Mairinque; São Paulo; Brasil;4;86;4.65%;0.27;1.07
Quixeramobim; Ceará; Brasil;4;125;3.20%;0.24;0.97
Arujá; São Paulo; Brasil;7;267;2.62%;0.44;3.05
Artur Nogueira; São Paulo; Brasil;0;6;0.00%;--;0
Rondon; Paraná; Brasil;2;43;4.65%;0.63;1.25
Arraial do Cabo; Rio de Janeiro; Brasil;0;40;0.00%;--;0
Indaial; Santa Catarina; Brasil;5;179;2.79%;0.3;1.52
Arapiraca; Alagoas; Brasil;12;376;3.19%;0.23;2.8
Mococa; São Paulo; Brasil;0;132;0.00%;--;0
Espera Feliz; Minas Gerais; Brasil;2;108;1.85%;0.51;1.02
Lages; Santa Catarina; Brasil;3;318;0.94%;0.2;0.61
Uberaba; Minas Gerais; Brasil;15;885;1.69%;0.41;6.15
Francisco Beltrão; Paraná; Brasil;2;212;0.94%;0.67;1.34
Charqueadas; Rio Grande do Sul; Brasil;0;57;0.00%;--;0
São José de Ribamar; Maranhão; Brasil;3;117;2.56%;0.38;1.14
Cafelândia; Paraná; Brasil;1;36;2.78%;0.88;0.88
Paraíba do Sul; Rio de Janeiro; Brasil;0;58;0.00%;--;0
Natal; Rio Grande do Norte; Brasil;24;1152;2.08%;0.32;7.57
Estrêla; Rio Grande do Sul; Brasil;0;110;0.00%;--;0
Guaxupé; Minas Gerais; Brasil;1;109;0.92%;0.39;0.39
Sertãozinho; São Paulo; Brasil;3;292;1.03%;0.24;0.73
Ipojuca; Pernambuco; Brasil;3;130;2.31%;0.21;0.64
Içara; Santa Catarina; Brasil;1;118;0.85%;0.17;0.17
Conceição do Araguaia; Pará; Brasil;1;51;1.96%;0.42;0.42
Nilópolis; Rio de Janeiro; Brasil;2;128;1.56%;0.3;0.59
Itatiba; São Paulo; Brasil;2;210;0.95%;0.48;0.96
Xangri-Lá; Rio Grande do Sul; Brasil;1;26;3.85%;0.63;0.63
Porto Feliz; São Paulo; Brasil;1;35;2.86%;0.24;0.24
Torres; Rio Grande do Sul; Brasil;0;36;0.00%;--;0
Jacupiranga; São Paulo; Brasil;0;16;0.00%;--;0
Nova Mutum; Mato Grosso; Brasil;5;206;2.43%;0.26;1.29
Serra Talhada; Pernambuco; Brasil;8;256;3.13%;0.31;2.49
Regente Feijó; São Paulo; Brasil;2;48;4.17%;0.17;0.34
Itupeva; São Paulo; Brasil;1;98;1.02%;1.17;1.17
Lajedo; Pernambuco; Brasil;2;34;5.88%;0.15;0.31
Caratinga; Minas Gerais; Brasil;2;117;1.71%;1.14;2.27
Extrema; Minas Gerais; Brasil;3;144;2.08%;0.46;1.38
Candeias; Bahia; Brasil;1;74;1.35%;0.42;0.42
Ourinhos; São Paulo; Brasil;2;234;0.85%;0.66;1.32
Passo Fundo; Rio Grande do Sul; Brasil;8;479;1.67%;0.45;3.57
Quatro Barras; Paraná; Brasil;0;1;0.00%;--;0
Tanguá; Rio de Janeiro; Brasil;0;18;0.00%;--;0
Resende; Rio de Janeiro; Brasil;1;83;1.20%;0.44;0.44
Campo Limpo Paulista; São Paulo; Brasil;2;108;1.85%;0.12;0.23
Bonito; Mato Grosso do Sul; Brasil;5;103;4.85%;0.51;2.57
Montanha; Espírito Santo; Brasil;1;92;1.09%;0.49;0.49
Timon; Maranhão; Brasil;3;52;5.77%;0.18;0.55
Cruzeiro; São Paulo; Brasil;2;173;1.16%;0.32;0.65
Tremembé; São Paulo; Brasil;1;53;1.89%;0.3;0.3
Cantagalo; Rio de Janeiro; Brasil;2;41;4.88%;0.87;1.74
Barra do Piraí; Rio de Janeiro; Brasil;0;75;0.00%;--;0
São Miguel do Iguaçu; Paraná; Brasil;3;87;3.45%;0.16;0.49
Piraju; São Paulo; Brasil;3;142;2.11%;0.69;2.07
Lagoa Vermelha; Rio Grande do Sul; Brasil;2;65;3.08%;0.36;0.72
Marechal Deodoro; Alagoas; Brasil;3;88;3.41%;0.4;1.19
São Lourenço do Sul; Rio Grande do Sul; Brasil;4;123;3.25%;0.3;1.2
Ubiratã; Paraná; Brasil;3;156;1.92%;0.52;1.55
Nova Hartz; Rio Grande do Sul; Brasil;1;32;3.13%;0.16;0.16
Taboão da Serra; São Paulo; Brasil;3;393;0.76%;0.24;0.72
Siqueira Campos; Paraná; Brasil;1;65;1.54%;0.19;0.19
Agudos; São Paulo; Brasil;1;42;2.38%;0.53;0.53
Terra de Areia; Rio Grande do Sul; Brasil;0;9;0.00%;--;0
Paranaíba; Mato Grosso do Sul; Brasil;3;73;4.11%;0.13;0.4
Campos Gerais; Minas Gerais; Brasil;0;46;0.00%;--;0
Jataí; Goiás; Brasil;4;250;1.60%;0.29;1.14
Blumenau; Santa Catarina; Brasil;13;696;1.87%;0.83;10.82
Mogi das Cruzes; São Paulo; Brasil;18;856;2.10%;0.57;10.27
Serra Negra; São Paulo; Brasil;1;62;1.61%;0.41;0.41
Abaetetuba; Pará; Brasil;4;132;3.03%;0.31;1.26
Lins; São Paulo; Brasil;1;170;0.59%;0.16;0.16
Almirante Tamandaré; Paraná; Brasil;2;172;1.16%;1.52;3.04
Codó; Maranhão; Brasil;2;147;1.36%;0.14;0.28
Colíder; Mato Grosso; Brasil;1;87;1.15%;0.54;0.54
Campo Mourão; Paraná; Brasil;1;190;0.53%;0.06;0.06
Catanduva; São Paulo; Brasil;4;279;1.43%;0.36;1.45
Alexânia; Goiás; Brasil;0;45;0.00%;--;0
Santa Maria de Jetibá; Espírito Santo; Brasil;3;109;2.75%;0.2;0.6
Santa Izabel do Oeste; Paraná; Brasil;0;16;0.00%;--;0
Cachoeiras de Macacu; Rio de Janeiro; Brasil;1;111;0.90%;0.55;0.55
Elias Fausto; São Paulo; Brasil;0;23;0.00%;--;0
Sidrolândia; Mato Grosso do Sul; Brasil;2;113;1.77%;0.57;1.14
Alagoa Grande; Paraíba; Brasil;1;155;0.65%;0.34;0.34
Cássia; Minas Gerais; Brasil;0;43;0.00%;--;0
Três Lagoas; Mato Grosso do Sul; Brasil;11;415;2.65%;0.3;3.32
Brasília; Distrito Federal; Brasil;103;4925;2.09%;0.34;35.5
Iperó; São Paulo; Brasil;0;65;0.00%;--;0
Itaqui; Rio Grande do Sul; Brasil;1;55;1.82%;0.6;0.6
Capela; Alagoas; Brasil;0;41;0.00%;--;0
Itatinga; São Paulo; Brasil;3;58;5.17%;1.32;3.95
Capela do Alto; São Paulo; Brasil;1;40;2.50%;1.47;1.47
Porto União; Santa Catarina; Brasil;2;104;1.92%;0.11;0.22
Boa Esperança; Minas Gerais; Brasil;0;109;0.00%;--;0
Palotina; Paraná; Brasil;0;85;0.00%;--;0
Santa Isabel; São Paulo; Brasil;0;16;0.00%;--;0
Nossa Senhora do Socorro; Sergipe; Brasil;5;198;2.53%;0.16;0.8
Cabreúva; São Paulo; Brasil;1;77;1.30%;0.39;0.39
Caratinga; Minas Gerais; Brasil;5;231;2.16%;0.37;1.85
Cascavel; Ceará; Brasil;3;72;4.17%;0.15;0.45
Rio Grande da Serra; São Paulo; Brasil;0;44;0.00%;--;0
Paraguaçu Paulista; São Paulo; Brasil;1;32;3.13%;0.77;0.77
Guapó; Goiás; Brasil;4;32;12.50%;0.24;0.96
Curitibanos; Santa Catarina; Brasil;1;181;0.55%;0.29;0.29
Eusébio; Ceará; Brasil;3;119;2.52%;0.42;1.25
Carlópolis; Paraná; Brasil;0;34;0.00%;--;0
Crato; Ceará; Brasil;12;168;7.14%;0.17;2.03
Mimoso do Sul; Espírito Santo; Brasil;3;74;4.05%;0.42;1.26
Bom Jardim; Rio de Janeiro; Brasil;0;76;0.00%;--;0
Manaus; Amazonas; Brasil;87;3222;2.70%;0.29;25
Ouro Preto; Minas Gerais; Brasil;0;63;0.00%;--;0
Marialva; Paraná; Brasil;0;8;0.00%;--;0
Ceará-Mirim; Rio Grande do Norte; Brasil;1;96;1.04%;0.13;0.13
Guarujá; São Paulo; Brasil;9;469;1.92%;0.41;3.65
Lagoa Formosa; Minas Gerais; Brasil;0;40;0.00%;--;0
Caxias do Sul; Rio Grande do Sul; Brasil;17;1329;1.28%;0.35;5.87
Anápolis; Goiás; Brasil;13;719;1.81%;0.34;4.43
Canguçu; Rio Grande do Sul; Brasil;0;132;0.00%;--;0
João Pinheiro; Minas Gerais; Brasil;4;231;1.73%;0.22;0.89
Pará de Minas; Minas Gerais; Brasil;0;209;0.00%;--;0
Niterói; Rio de Janeiro; Brasil;14;725;1.93%;0.44;6.2
Franco da Rocha; São Paulo; Brasil;0;48;0.00%;--;0
Perdões; Minas Gerais; Brasil;0;3;0.00%;--;0
Santa Cruz do Sul; Rio Grande do Sul; Brasil;4;295;1.36%;0.39;1.56
Monte Mor; São Paulo; Brasil;0;16;0.00%;--;0
São Miguel; Rio Grande do Norte; Brasil;0;39;0.00%;--;0
Conchas; São Paulo; Brasil;0;38;0.00%;--;0
Toledo; Paraná; Brasil;5;368;1.36%;0.26;1.32
Videira; Santa Catarina; Brasil;10;245;4.08%;0.31;3.08
Palmeira dos Índios; Alagoas; Brasil;7;92;7.61%;0.47;3.31
Juruaia; Minas Gerais; Brasil;0;17;0.00%;--;0
Chopinzinho; Paraná; Brasil;1;70;1.43%;0.44;0.44
Patrocínio; Minas Gerais; Brasil;2;199;1.01%;0.51;1.02
Agudos; São Paulo; Brasil;0;54;0.00%;--;0
São Manuel; São Paulo; Brasil;0;35;0.00%;--;0
Araras; São Paulo; Brasil;2;259;0.77%;0.56;1.11
Turvo; Santa Catarina; Brasil;3;53;5.66%;0.31;0.92
Cornélio Procópio; Paraná; Brasil;0;72;0.00%;--;0
Aquiraz; Ceará; Brasil;1;70;1.43%;0.46;0.46
Venâncio Aires; Rio Grande do Sul; Brasil;1;103;0.97%;0.57;0.57
Caieiras; São Paulo; Brasil;1;230;0.43%;0.12;0.12
Araruama; Rio de Janeiro; Brasil;3;179;1.68%;0.2;0.59
Bambuí; Minas Gerais; Brasil;1;61;1.64%;1.11;1.11
Quatá; São Paulo; Brasil;1;31;3.23%;0.47;0.47
Barra Bonita; São Paulo; Brasil;1;57;1.75%;0.35;0.35
Santa Cruz das Palmeiras; São Paulo; Brasil;0;47;0.00%;--;0
Ibiúna; São Paulo; Brasil;1;100;1.00%;0.22;0.22
Canarana; Mato Grosso; Brasil;6;57;10.53%;0.26;1.54
Conceição de Macabu; Rio de Janeiro; Brasil;0;27;0.00%;--;0
Avaré; São Paulo; Brasil;1;120;0.83%;0.98;0.98
Igarapava; São Paulo; Brasil;0;106;0.00%;--;0
Presidente Médici; Rondônia; Brasil;1;30;3.33%;0.08;0.08
Reriutaba; Ceará; Brasil;1;19;5.26%;0.31;0.31
Santo Anastácio; São Paulo; Brasil;0;68;0.00%;--;0
Aparecida de Goiânia; Goiás; Brasil;15;846;1.77%;0.46;6.88
Ananindeua; Pará; Brasil;29;814;3.56%;0.3;8.75
Cachoeirinha; Rio Grande do Sul; Brasil;7;333;2.10%;0.51;3.6
São Paulo; São Paulo; Brasil;330;22546;1.46%;0.51;168.5
Atibaia; São Paulo; Brasil;8;410;1.95%;0.82;6.56
Luz; Minas Gerais; Brasil;2;53;3.77%;0.29;0.58
Pelotas; Rio Grande do Sul; Brasil;10;549;1.82%;0.48;4.81
São José dos Campos; São Paulo; Brasil;11;1167;0.94%;0.41;4.47
Feira de Santana; Bahia; Brasil;23;1144;2.01%;0.26;5.88
João Pessoa; Paraíba; Brasil;23;1154;1.99%;0.33;7.5
Patos de Minas; Minas Gerais; Brasil;16;552;2.90%;0.4;6.35
Manacapuru; Amazonas; Brasil;5;90;5.56%;0.19;0.95
Piraquara; Paraná; Brasil;1;160;0.63%;0.12;0.12
Tubarão; Santa Catarina; Brasil;5;292;1.71%;0.55;2.76
Piedade; São Paulo; Brasil;0;34;0.00%;--;0
Ariquemes; Rondônia; Brasil;6;188;3.19%;0.23;1.39
Pombos; Pernambuco; Brasil;1;22;4.55%;0.99;0.99
Itaitinga; Ceará; Brasil;0;74;0.00%;--;0
Jaboatão dos Guararapes; Pernambuco; Brasil;31;816;3.80%;0.28;8.76
Itirapina; São Paulo; Brasil;1;36;2.78%;1.01;1.01
São José do Rio Pardo; São Paulo; Brasil;2;80;2.50%;0.31;0.61
Borda da Mata; Minas Gerais; Brasil;1;57;1.75%;0.51;0.51
Igrejinha; Rio Grande do Sul; Brasil;2;35;5.71%;0.23;0.46
Jaguariúna; São Paulo; Brasil;1;59;1.69%;0.24;0.24
Itaguaí; Rio de Janeiro; Brasil;1;23;4.35%;0.38;0.38
Lorena; São Paulo; Brasil;0;138;0.00%;--;0
Itapipoca; Ceará; Brasil;8;228;3.51%;0.21;1.68
Laguna; Santa Catarina; Brasil;1;78;1.28%;0.24;0.24
Corumbá; Mato Grosso do Sul; Brasil;2;227;0.88%;0.31;0.62
Aquidauana; Mato Grosso do Sul; Brasil;5;125;4.00%;0.72;3.58
União dos Palmares; Alagoas; Brasil;2;91;2.20%;0.42;0.83
Januária; Minas Gerais; Brasil;1;126;0.79%;0.12;0.12
Barra do Garças; Mato Grosso; Brasil;7;213;3.29%;0.44;3.07
Duartina; São Paulo; Brasil;1;34;2.94%;0.08;0.08
Valinhos; São Paulo; Brasil;1;305;0.33%;0.58;0.58
Seropédica; Rio de Janeiro; Brasil;0;103;0.00%;--;0
Ivaiporã; Paraná; Brasil;1;98;1.02%;0.62;0.62
Crateús; Ceará; Brasil;3;148;2.03%;0.15;0.46
Ceres; Goiás; Brasil;7;56;12.50%;0.26;1.84
Sorocaba; São Paulo; Brasil;34;1779;1.91%;0.48;16.25
São Luís do Quitunde; Alagoas; Brasil;0;34;0.00%;--;0
Ribeirão das Neves; Minas Gerais; Brasil;10;461;2.17%;0.38;3.75
Mirandópolis; São Paulo; Brasil;1;88;1.14%;1.49;1.49
Paracatu; Minas Gerais; Brasil;4;245;1.63%;0.17;0.69
Presidente Epitácio; São Paulo; Brasil;0;84;0.00%;--;0
Bagé; Rio Grande do Sul; Brasil;1;213;0.47%;0.33;0.33
Presidente Prudente; São Paulo; Brasil;9;545;1.65%;0.31;2.77
Camanducaia; Minas Gerais; Brasil;5;61;8.20%;0.56;2.79
Capinópolis; Minas Gerais; Brasil;0;37;0.00%;--;0
Terra Roxa; Paraná; Brasil;0;41;0.00%;--;0
São João Batista; Santa Catarina; Brasil;1;72;1.39%;0.62;0.62
Guaiúba; Ceará; Brasil;0;28;0.00%;--;0
Colatina; Espírito Santo; Brasil;8;294;2.72%;0.45;3.61
Ibiúna; São Paulo; Brasil;0;49;0.00%;--;0
Concórdia; Santa Catarina; Brasil;0;58;0.00%;--;0
Alagoinhas; Bahia; Brasil;13;316;4.11%;0.25;3.21
Penápolis; São Paulo; Brasil;2;43;4.65%;0.17;0.34
Paudalho; Pernambuco; Brasil;3;47;6.38%;0.14;0.43
Camaquã; Rio Grande do Sul; Brasil;1;168;0.60%;1.06;1.06
Pedro Leopoldo; Minas Gerais; Brasil;2;127;1.57%;1.05;2.09
São Lourenço da Mata; Pernambuco; Brasil;2;77;2.60%;0.49;0.98
Senhor do Bonfim; Bahia; Brasil;1;135;0.74%;0.09;0.09
Timbó; Santa Catarina; Brasil;2;115;1.74%;0.57;1.13
Garibaldi; Rio Grande do Sul; Brasil;2;80;2.50%;0.09;0.19
Conceição das Alagoas; Minas Gerais; Brasil;0;41;0.00%;--;0
Palmeira; Paraná; Brasil;0;134;0.00%;--;0
Icó; Ceará; Brasil;2;101;1.98%;0.19;0.38
Paranaguá; Paraná; Brasil;2;275;0.73%;0.49;0.97
Dom Pedrito; Rio Grande do Sul; Brasil;0;45;0.00%;--;0
Artur Nogueira; São Paulo; Brasil;0;72;0.00%;--;0
Caldas Novas; Goiás; Brasil;6;204;2.94%;0.38;2.26
Penápolis; São Paulo; Brasil;2;83;2.41%;0.15;0.3
Cascavel; Paraná; Brasil;17;893;1.90%;0.48;8.12
Capão da Canoa; Rio Grande do Sul; Brasil;2;90;2.22%;0.33;0.66
Curitiba; Paraná; Brasil;59;4752;1.24%;0.47;27.66
Bela Vista do Paraíso; Paraná; Brasil;1;31;3.23%;0.14;0.14
Balneário Camboriú; Santa Catarina; Brasil;2;253;0.79%;0.68;1.36
Formosa; Goiás; Brasil;4;252;1.59%;0.34;1.36
Japeri; Rio de Janeiro; Brasil;1;118;0.85%;0.19;0.19
Jaraguá do Sul; Santa Catarina; Brasil;7;371;1.89%;0.73;5.11
Juazeiro do Norte; Ceará; Brasil;16;434;3.69%;0.28;4.5
Votuporanga; São Paulo; Brasil;1;187;0.53%;0.99;0.99
Soledade; Rio Grande do Sul; Brasil;3;110;2.73%;0.69;2.08
Pompéia; São Paulo; Brasil;0;49;0.00%;--;0
Caetité; Bahia; Brasil;2;204;0.98%;0.22;0.44
Domingos Martins; Espírito Santo; Brasil;1;51;1.96%;0.3;0.3
Esmeraldas; Minas Gerais; Brasil;8;141;5.67%;0.39;3.09
Timóteo; Minas Gerais; Brasil;3;163;1.84%;0.75;2.25
Mairiporã; São Paulo; Brasil;0;63;0.00%;--;0
Santa Adélia; São Paulo; Brasil;0;40;0.00%;--;0
Formiga; Minas Gerais; Brasil;4;226;1.77%;0.41;1.63
Pimenta Bueno; Rondônia; Brasil;3;54;5.56%;0.34;1.01
Congonhas; Minas Gerais; Brasil;1;27;3.70%;0.93;0.93
Cocal do Sul; Santa Catarina; Brasil;0;62;0.00%;--;0
Abreu e Lima; Pernambuco; Brasil;0;92;0.00%;--;0
Ilhéus; Bahia; Brasil;7;162;4.32%;0.38;2.65
Porto Calvo; Alagoas; Brasil;2;48;4.17%;0.1;0.2
Igarapé; Minas Gerais; Brasil;0;82;0.00%;--;0
Esteio; Rio Grande do Sul; Brasil;2;155;1.29%;0.57;1.14
Santo Antônio de Jesus; Bahia; Brasil;11;360;3.06%;0.26;2.91
Giruá; Rio Grande do Sul; Brasil;1;50;2.00%;0.42;0.42
Cambé; Paraná; Brasil;0;166;0.00%;--;0
Apiaí; São Paulo; Brasil;2;91;2.20%;0.3;0.59
Itabaiana; Sergipe; Brasil;3;139;2.16%;0.13;0.39
Rio Verde; Goiás; Brasil;11;620;1.77%;0.51;5.61
Quedas do Iguaçu; Paraná; Brasil;1;99;1.01%;0.05;0.05
Telêmaco Borba; Paraná; Brasil;3;197;1.52%;0.52;1.55
Pinhão; Paraná; Brasil;3;94;3.19%;0.9;2.7
Batatais; São Paulo; Brasil;2;90;2.22%;1.11;2.21
Brejo Santo; Ceará; Brasil;3;68;4.41%;0.24;0.73
Lajeado; Rio Grande do Sul; Brasil;1;248;0.40%;0.24;0.24
Cristalina; Goiás; Brasil;1;23;4.35%;0.3;0.3
Santa Helena; Paraná; Brasil;1;49;2.04%;0.12;0.12
Cametá; Pará; Brasil;5;163;3.07%;1.04;5.22
Guarabira; Paraíba; Brasil;2;93;2.15%;0.26;0.51
Aracruz; Espírito Santo; Brasil;0;40;0.00%;--;0
Santa Cruz do Capibaribe; Pernambuco; Brasil;4;131;3.05%;0.09;0.35
Batatais; São Paulo; Brasil;1;8;12.50%;0.12;0.12
Casa Branca; São Paulo; Brasil;0;77;0.00%;--;0
Cordeiro; Rio de Janeiro; Brasil;1;48;2.08%;0.19;0.19
Tapira; Paraná; Brasil;4;59;6.78%;0.36;1.44
Jaguariaíva; Paraná; Brasil;0;72;0.00%;--;0
Morro Agudo; São Paulo; Brasil;0;85;0.00%;--;0
Guaíra; Paraná; Brasil;1;61;1.64%;0.48;0.48
Terra Rica; Paraná; Brasil;1;50;2.00%;0.2;0.2
Pontal do Paraná; Paraná; Brasil;0;52;0.00%;--;0
Itabaianinha; Sergipe; Brasil;0;43;0.00%;--;0
Cerro Largo; Rio Grande do Sul; Brasil;0;29;0.00%;--;0
Porto Ferreira; São Paulo; Brasil;0;86;0.00%;--;0
Juiz de Fora; Minas Gerais; Brasil;14;978;1.43%;0.34;4.74
Araxá; Minas Gerais; Brasil;4;292;1.37%;0.16;0.65
Eunápolis; Bahia; Brasil;3;187;1.60%;0.28;0.84
Taquara; Rio Grande do Sul; Brasil;1;120;0.83%;0.13;0.13
Mirassol; São Paulo; Brasil;4;109;3.67%;0.24;0.97
Cambuí; Minas Gerais; Brasil;0;121;0.00%;--;0
Itaituba; Pará; Brasil;13;379;3.43%;0.19;2.47
Betim; Minas Gerais; Brasil;15;1114;1.35%;0.41;6.13
Monte Mor; São Paulo; Brasil;0;107;0.00%;--;0
Rio Largo; Alagoas; Brasil;3;79;3.80%;0.18;0.54
Fundão; Espírito Santo; Brasil;0;34;0.00%;--;0
Adamantina; São Paulo; Brasil;0;112;0.00%;--;0
Mandaguaçu; Paraná; Brasil;0;44;0.00%;--;0
Charqueada; São Paulo; Brasil;1;38;2.63%;0.39;0.39
Barra do Corda; Maranhão; Brasil;7;206;3.40%;0.25;1.74
Jacarezinho; Paraná; Brasil;2;86;2.33%;0.73;1.45
Nova Viçosa; Bahia; Brasil;3;122;2.46%;0.31;0.94
Casimiro de Abreu; Rio de Janeiro; Brasil;1;28;3.57%;0.57;0.57
Arroio do Tigre; Rio Grande do Sul; Brasil;1;38;2.63%;0.15;0.15
Mococa; São Paulo; Brasil;0;17;0.00%;--;0
Piraí do Sul; Paraná; Brasil;2;104;1.92%;0.78;1.55
Santo Amaro da Imperatriz; Santa Catarina; Brasil;0;32;0.00%;--;0
Manhuaçu; Minas Gerais; Brasil;3;128;2.34%;0.27;0.82
Francisco Morato; São Paulo; Brasil;3;148;2.03%;0.6;1.79
Rio Largo; Alagoas; Brasil;0;3;0.00%;--;0
São Pedro da Aldeia; Rio de Janeiro; Brasil;2;98;2.04%;0.13;0.26
Carapicuíba; São Paulo; Brasil;11;572;1.92%;0.47;5.21
São Sebastião; São Paulo; Brasil;1;142;0.70%;0.44;0.44
Paraty; Rio de Janeiro; Brasil;1;16;6.25%;0.59;0.59
Quatis; Rio de Janeiro; Brasil;2;20;10.00%;0.11;0.22
Parelhas; Rio Grande do Norte; Brasil;0;49;0.00%;--;0
Palmas; Paraná; Brasil;3;95;3.16%;0.53;1.6
Maceió; Alagoas; Brasil;49;1397;3.51%;0.24;11.83
Nova Friburgo; Rio de Janeiro; Brasil;5;271;1.85%;0.55;2.76
Florianópolis; Santa Catarina; Brasil;14;811;1.73%;0.42;5.81
Amparo; São Paulo; Brasil;1;151;0.66%;0.72;0.72
Macapá; Amapá; Brasil;20;554;3.61%;0.24;4.77
Igarassu; Pernambuco; Brasil;2;122;1.64%;0.59;1.18
Campos dos Goytacazes; Rio de Janeiro; Brasil;11;681;1.62%;0.31;3.37
Laranjal Paulista; São Paulo; Brasil;2;88;2.27%;0.16;0.33
Panambi; Rio Grande do Sul; Brasil;4;86;4.65%;0.44;1.74
Simões Filho; Bahia; Brasil;4;243;1.65%;0.33;1.3
Castro; Paraná; Brasil;1;173;0.58%;0.25;0.25
Leme; São Paulo; Brasil;3;165;1.82%;0.29;0.88
Campos Novos; Santa Catarina; Brasil;2;136;1.47%;0.48;0.96
Igaraçu do Tietê; São Paulo; Brasil;0;20;0.00%;--;0
Jardim; Mato Grosso do Sul; Brasil;1;104;0.96%;0.23;0.23
Cachoeira do Sul; Rio Grande do Sul; Brasil;5;152;3.29%;0.24;1.21
Aracati; Ceará; Brasil;1;45;2.22%;0.37;0.37
Papagaios; Minas Gerais; Brasil;7;120;5.83%;0.4;2.77
Cabedelo; Paraíba; Brasil;2;71;2.82%;0.41;0.81
Atalaia; Alagoas; Brasil;1;43;2.33%;0.71;0.71
São Roque; São Paulo; Brasil;4;122;3.28%;0.49;1.98
Sarandi; Rio Grande do Sul; Brasil;0;77;0.00%;--;0
Luís Eduardo Magalhães; Bahia; Brasil;9;361;2.49%;0.35;3.15
Itaperuna; Rio de Janeiro; Brasil;0;200;0.00%;--;0
Dois Córregos; São Paulo; Brasil;1;67;1.49%;0.17;0.17
Ilha Solteira; São Paulo; Brasil;0;44;0.00%;--;0
Sapiranga; Rio Grande do Sul; Brasil;2;93;2.15%;0.26;0.52
Queimadas; Bahia; Brasil;2;145;1.38%;0.22;0.43
Alta Floresta; Mato Grosso; Brasil;4;95;4.21%;0.18;0.74
Ibitinga; São Paulo; Brasil;0;31;0.00%;--;0
Piracaia; São Paulo; Brasil;1;87;1.15%;0.75;0.75
Resende; Rio de Janeiro; Brasil;3;226;1.33%;0.69;2.07
Arraial do Cabo; Rio de Janeiro; Brasil;0;13;0.00%;--;0
Taquari; Rio Grande do Sul; Brasil;3;68;4.41%;0.34;1.03
Ribeirão Pires; São Paulo; Brasil;4;279;1.43%;0.29;1.14
Parnamirim; Rio Grande do Norte; Brasil;12;391;3.07%;0.21;2.55
Candelária; Rio Grande do Sul; Brasil;0;96;0.00%;--;0
Pato Branco; Paraná; Brasil;4;252;1.59%;0.29;1.14
Maringá; Paraná; Brasil;18;1085;1.66%;0.43;7.67
Itaocara; Rio de Janeiro; Brasil;0;46;0.00%;--;0
Itaquaquecetuba; São Paulo; Brasil;20;700;2.86%;0.41;8.24
Palmas; Tocantins; Brasil;10;491;2.04%;0.36;3.61
Pacatuba; Ceará; Brasil;1;59;1.69%;0.22;0.22
Fazenda Rio Grande; Paraná; Brasil;4;260;1.54%;0.39;1.57
Piraí; Rio de Janeiro; Brasil;0;27;0.00%;--;0
Arapongas; Paraná; Brasil;3;180;1.67%;0.22;0.66
Rio Negro; Paraná; Brasil;1;89;1.12%;0.91;0.91
Rio Grande; Rio Grande do Sul; Brasil;1;46;2.17%;0.5;0.5
Botucatu; São Paulo; Brasil;2;265;0.75%;0.43;0.86
Xinguara; Pará; Brasil;8;167;4.79%;0.36;2.89
Coronel Vivida; Paraná; Brasil;1;57;1.75%;0.61;0.61
Bauru; São Paulo; Brasil;4;702;0.57%;0.33;1.31
Mandaguari; Paraná; Brasil;0;76;0.00%;--;0
Itaporã; Mato Grosso do Sul; Brasil;0;37;0.00%;--;0
Bariri; São Paulo; Brasil;0;78;0.00%;--;0
Rio Pardo; Rio Grande do Sul; Brasil;4;79;5.06%;0.24;0.98
Jaú; São Paulo; Brasil;10;284;3.52%;0.19;1.93
Carlos Barbosa; Rio Grande do Sul; Brasil;0;113;0.00%;--;0
Carambeí; Paraná; Brasil;0;6;0.00%;--;0
Portão; Rio Grande do Sul; Brasil;0;78;0.00%;--;0
Araguari; Minas Gerais; Brasil;1;24;4.17%;1.81;1.81
Ilha de Itamaracá; Pernambuco; Brasil;3;27;11.11%;0.2;0.59
Apodi; Rio Grande do Norte; Brasil;3;125;2.40%;0.28;0.83
Iguape; São Paulo; Brasil;0;47;0.00%;--;0
Tobias Barreto; Sergipe; Brasil;2;74;2.70%;0.1;0.2
Descalvado; São Paulo; Brasil;1;78;1.28%;1.12;1.12
Barra Mansa; Rio de Janeiro; Brasil;0;249;0.00%;--;0
Ubá; Minas Gerais; Brasil;4;213;1.88%;0.45;1.82
Mogi Mirim; São Paulo; Brasil;0;17;0.00%;--;0
Pinheiral; Rio de Janeiro; Brasil;0;34;0.00%;--;0
Itacoatiara; Amazonas; Brasil;4;79;5.06%;0.15;0.59
Ouro Preto; Minas Gerais; Brasil;7;328;2.13%;0.92;6.44
Vargem Alta; Espírito Santo; Brasil;2;40;5.00%;0.37;0.74
Tanabi; São Paulo; Brasil;1;102;0.98%;0.38;0.38
Itabirito; Minas Gerais; Brasil;0;30;0.00%;--;0
Armação dos Búzios; Rio de Janeiro; Brasil;0;87;0.00%;--;0
Jundiaí; São Paulo; Brasil;19;1369;1.39%;0.68;12.87
Teófilo Otoni; Minas Gerais; Brasil;13;370;3.51%;0.33;4.33
Recife; Pernambuco; Brasil;57;2607;2.19%;0.34;19.46
Camaragibe; Pernambuco; Brasil;2;132;1.52%;0.33;0.66
Várzea Paulista; São Paulo; Brasil;1;138;0.72%;0.11;0.11
Frederico Westphalen; Rio Grande do Sul; Brasil;5;123;4.07%;0.28;1.38
Itabuna; Bahia; Brasil;9;317;2.84%;0.26;2.34
Camaçari; Bahia; Brasil;5;245;2.04%;0.18;0.92
Barbacena; Minas Gerais; Brasil;5;368;1.36%;0.77;3.87
Ubatuba; São Paulo; Brasil;2;9;22.22%;0.38;0.76
Americana; São Paulo; Brasil;2;582;0.34%;1.56;3.13
Porto Belo; Santa Catarina; Brasil;0;26;0.00%;--;0
Quadra; São Paulo; Brasil;0;19;0.00%;--;0
Bonito; Pernambuco; Brasil;2;59;3.39%;0.07;0.15
Estância; Sergipe; Brasil;0;53;0.00%;--;0
Sobradinho; Rio Grande do Sul; Brasil;0;39;0.00%;--;0
Pederneiras; São Paulo; Brasil;1;75;1.33%;0.73;0.73
Santa Helena de Goiás; Goiás; Brasil;1;79;1.27%;0.88;0.88
Passos; Minas Gerais; Brasil;3;202;1.49%;0.39;1.16
São Joaquim de Bicas; Minas Gerais; Brasil;1;57;1.75%;0.41;0.41
Itabira; Minas Gerais; Brasil;4;401;1.00%;0.79;3.16
Areal; Rio de Janeiro; Brasil;0;25;0.00%;--;0
Seabra; Bahia; Brasil;6;141;4.26%;0.32;1.9
Paracambi; Rio de Janeiro; Brasil;2;63;3.17%;0.72;1.45
Guanambi; Bahia; Brasil;7;240;2.92%;0.27;1.88
Lucas do Rio Verde; Mato Grosso; Brasil;4;209;1.91%;0.29;1.17
Porto Seguro; Bahia; Brasil;3;135;2.22%;0.38;1.14
Corbélia; Paraná; Brasil;0;31;0.00%;--;0
São Lourenço da Serra; São Paulo; Brasil;0;36;0.00%;--;0
Ribeirão do Pinhal; Paraná; Brasil;0;14;0.00%;--;0
Capão Bonito; São Paulo; Brasil;3;147;2.04%;0.29;0.88
Palmital; São Paulo; Brasil;0;43;0.00%;--;0
Anicuns; Goiás; Brasil;1;59;1.69%;0.12;0.12
Guaratuba; Paraná; Brasil;4;61;6.56%;0.44;1.76
Piumhi; Minas Gerais; Brasil;4;147;2.72%;0.47;1.88
Boituva; São Paulo; Brasil;0;21;0.00%;--;0
Santa Teresa; Espírito Santo; Brasil;2;64;3.13%;0.69;1.37
Ibiporã; Paraná; Brasil;0;14;0.00%;--;0
Moreno; Pernambuco; Brasil;0;2;0.00%;--;0
Macaíba; Rio Grande do Norte; Brasil;5;59;8.47%;0.24;1.18
Campina Grande do Sul; Paraná; Brasil;1;74;1.35%;0.34;0.34
Raposos; Minas Gerais; Brasil;1;28;3.57%;0.23;0.23
Mossoró; Rio Grande do Norte; Brasil;7;399;1.75%;0.25;1.77
Santa Maria; Rio Grande do Sul; Brasil;10;505;1.98%;0.37;3.73
Itapissuma; Pernambuco; Brasil;0;24;0.00%;--;0
Porecatu; Paraná; Brasil;2;51;3.92%;0.24;0.47
São José do Rio Preto; São Paulo; Brasil;15;950;1.58%;1.34;20.13
Ribeirão Preto; São Paulo; Brasil;23;1306;1.76%;0.52;12.04
Surubim; Pernambuco; Brasil;0;23;0.00%;--;0
Vassouras; Rio de Janeiro; Brasil;0;26;0.00%;--;0
Rio Grande; Rio Grande do Sul; Brasil;9;414;2.17%;0.24;2.18
Valença; Rio de Janeiro; Brasil;1;119;0.84%;0.46;0.46
Bragança Paulista; São Paulo; Brasil;8;436;1.83%;0.6;4.77
Embu das Artes; São Paulo; Brasil;9;444;2.03%;0.21;1.91
Camaçari; Bahia; Brasil;6;263;2.28%;0.48;2.85
Campo Bom; Rio Grande do Sul; Brasil;5;241;2.07%;0.66;3.28
São Jerônimo; Rio Grande do Sul; Brasil;0;42;0.00%;--;0
Três Coroas; Rio Grande do Sul; Brasil;0;58;0.00%;--;0
Abadiânia; Goiás; Brasil;0;14;0.00%;--;0
Amargosa; Bahia; Brasil;1;16;6.25%;0.13;0.13
Propriá; Sergipe; Brasil;5;55;9.09%;0.95;4.77
Orleans; Santa Catarina; Brasil;1;138;0.72%;1.41;1.41
Picuí; Paraíba; Brasil;0;53;0.00%;--;0
Cajati; São Paulo; Brasil;1;36;2.78%;0.09;0.09
Poá; São Paulo; Brasil;8;217;3.69%;0.86;6.85
Tupi Paulista; São Paulo; Brasil;0;31;0.00%;--;0
Toritama; Pernambuco; Brasil;0;35;0.00%;--;0
Garopaba; Santa Catarina; Brasil;2;56;3.57%;0.34;0.68
Carangola; Minas Gerais; Brasil;1;76;1.32%;0.21;0.21
Sertanópolis; Paraná; Brasil;0;47;0.00%;--;0
Bady Bassitt; São Paulo; Brasil;0;16;0.00%;--;0
Viana; Espírito Santo; Brasil;4;151;2.65%;0.68;2.72
Tijucas; Santa Catarina; Brasil;4;129;3.10%;0.47;1.89
São Simão; São Paulo; Brasil;0;27;0.00%;--;0
Iúna; Espírito Santo; Brasil;0;97;0.00%;--;0
Ladário; Mato Grosso do Sul; Brasil;1;35;2.86%;0.31;0.31
São Sebastião do Caí; Rio Grande do Sul; Brasil;1;29;3.45%;0.62;0.62
Anchieta; Espírito Santo; Brasil;0;143;0.00%;--;0
João Monlevade; Minas Gerais; Brasil;4;261;1.53%;0.24;0.97
Rio Bonito; Rio de Janeiro; Brasil;1;65;1.54%;0.68;0.68
Macaé; Rio de Janeiro; Brasil;7;843;0.83%;0.38;2.69
São João de Meriti; Rio de Janeiro; Brasil;10;432;2.31%;0.18;1.76
Borborema; São Paulo; Brasil;0;28;0.00%;--;0
Rio Negrinho; Santa Catarina; Brasil;4;63;6.35%;0.96;3.84
Petrolina; Pernambuco; Brasil;17;592;2.87%;0.35;5.96
Olímpia; São Paulo; Brasil;0;71;0.00%;--;0
Itabirito; Minas Gerais; Brasil;3;172;1.74%;0.44;1.33
Nova Odessa; São Paulo; Brasil;3;122;2.46%;0.25;0.76
Campos Altos; Minas Gerais; Brasil;0;31;0.00%;--;0
Castro; Paraná; Brasil;0;11;0.00%;--;0
Santiago; Rio Grande do Sul; Brasil;5;170;2.94%;0.23;1.14
Ouro Preto do Oeste; Rondônia; Brasil;4;39;10.26%;0.21;0.84
Alvorada; Rio Grande do Sul; Brasil;4;275;1.45%;0.48;1.91
Montes Claros; Minas Gerais; Brasil;12;842;1.43%;0.34;4.13
Altônia; Paraná; Brasil;2;79;2.53%;0.27;0.53
Araçoiaba da Serra; São Paulo; Brasil;2;45;4.44%;0.41;0.81
Santos Dumont; Minas Gerais; Brasil;2;70;2.86%;0.81;1.61
Lagarto; Sergipe; Brasil;4;209;1.91%;0.1;0.4
Doutor Severiano; Rio Grande do Norte; Brasil;0;9;0.00%;--;0
São João da Boa Vista; São Paulo; Brasil;3;210;1.43%;0.44;1.31
Lauro de Freitas; Bahia; Brasil;6;328;1.83%;0.14;0.81
Araçoiaba; Pernambuco; Brasil;1;19;5.26%;0.28;0.28
Natividade; Rio de Janeiro; Brasil;0;13;0.00%;--;0
Jaguaruna; Santa Catarina; Brasil;1;64;1.56%;2.21;2.21
Canindé; Ceará; Brasil;2;97;2.06%;0.21;0.43
Itapemirim; Espírito Santo; Brasil;4;66;6.06%;0.29;1.16
Mirassol; São Paulo; Brasil;0;50;0.00%;--;0
São José de Piranhas; Paraíba; Brasil;1;30;3.33%;0.19;0.19
Penedo; Alagoas; Brasil;3;109;2.75%;0.09;0.27
Monte Aprazível; São Paulo; Brasil;0;93;0.00%;--;0
Muniz Freire; Espírito Santo; Brasil;0;45;0.00%;--;0
Bacabal; Maranhão; Brasil;9;226;3.98%;0.38;3.45
Murici; Alagoas; Brasil;1;24;4.17%;0.12;0.12
Visconde do Rio Branco; Minas Gerais; Brasil;2;47;4.26%;0.77;1.53
Porciúncula; Rio de Janeiro; Brasil;0;118;0.00%;--;0
Martinópolis; São Paulo; Brasil;1;52;1.92%;0.94;0.94
Ivoti; Rio Grande do Sul; Brasil;1;84;1.19%;1.49;1.49
Nova Santa Rita; Rio Grande do Sul; Brasil;1;68;1.47%;0.32;0.32
Carambeí; Paraná; Brasil;0;26;0.00%;--;0
Estância; Sergipe; Brasil;1;52;1.92%;0.06;0.06
Bombinhas; Santa Catarina; Brasil;2;65;3.08%;0.45;0.89
Querência; Mato Grosso; Brasil;6;156;3.85%;0.35;2.08
Catolé do Rocha; Paraíba; Brasil;4;52;7.69%;0.34;1.36
Sete Lagoas; Minas Gerais; Brasil;9;568;1.58%;0.33;2.94
Guaramirim; Santa Catarina; Brasil;1;66;1.52%;0.27;0.27
Guaratinguetá; São Paulo; Brasil;5;303;1.65%;0.75;3.74
Belo Horizonte; Minas Gerais; Brasil;110;6360;1.73%;0.45;49.09
Pitanga; Paraná; Brasil;1;148;0.68%;0.82;0.82
Vinhedo; São Paulo; Brasil;0;3;0.00%;--;0
Ouro Branco; Minas Gerais; Brasil;1;23;4.35%;1.21;1.21
Santa Rita; Paraíba; Brasil;10;228;4.39%;0.24;2.37
Picos; Piauí; Brasil;3;138;2.17%;0.16;0.47
Silva Jardim; Rio de Janeiro; Brasil;0;1;0.00%;--;0
Estação; Rio Grande do Sul; Brasil;0;32;0.00%;--;0
Guararapes; São Paulo; Brasil;2;53;3.77%;0.6;1.21
Araucária; Paraná; Brasil;1;364;0.27%;0.54;0.54
Capinzal; Santa Catarina; Brasil;0;60;0.00%;--;0
Ituporanga; Santa Catarina; Brasil;2;81;2.47%;0.31;0.62
Santa Rosa do Sul; Santa Catarina; Brasil;0;17;0.00%;--;0
Araraquara; São Paulo; Brasil;5;481;1.04%;0.62;3.11
Presidente Venceslau; São Paulo; Brasil;2;67;2.99%;0.55;1.1
Pilar do Sul; São Paulo; Brasil;2;93;2.15%;0.39;0.79
Mateus Leme; Minas Gerais; Brasil;0;48;0.00%;--;0
Planaltina; Goiás; Brasil;5;115;4.35%;0.26;1.29
Votorantim; São Paulo; Brasil;6;232;2.59%;0.32;1.91
Pinheiro; Maranhão; Brasil;5;91;5.49%;0.31;1.55
Itambé; Pernambuco; Brasil;2;108;1.85%;0.23;0.46
Cachoeiro de Itapemirim; Espírito Santo; Brasil;13;389;3.34%;0.3;3.95
Olinda; Pernambuco; Brasil;10;340;2.94%;0.29;2.92
Vitória; Espírito Santo; Brasil;15;647;2.32%;0.33;4.88
Presidente Olegário; Minas Gerais; Brasil;1;35;2.86%;0.56;0.56
Santaluz; Bahia; Brasil;0;79;0.00%;--;0
Poço Fundo; Minas Gerais; Brasil;0;82;0.00%;--;0
Tupã; São Paulo; Brasil;3;176;1.70%;0.18;0.53
Triunfo; Rio Grande do Sul; Brasil;0;88;0.00%;--;0
Jandaia do Sul; Paraná; Brasil;1;32;3.13%;0.18;0.18
Itaperuçu; Paraná; Brasil;0;27;0.00%;--;0
São Francisco de Paula; Rio Grande do Sul; Brasil;2;93;2.15%;0.54;1.09
Assis Chateaubriand; Paraná; Brasil;0;82;0.00%;--;0
Colorado; Paraná; Brasil;0;79;0.00%;--;0
Dracena; São Paulo; Brasil;4;208;1.92%;0.98;3.92
São Joaquim da Barra; São Paulo; Brasil;0;7;0.00%;--;0
Nova Londrina; Paraná; Brasil;1;62;1.61%;0.48;0.48
Paulo Afonso; Bahia; Brasil;1;202;0.50%;0.2;0.2
Uruaçu; Goiás; Brasil;3;146;2.05%;0.53;1.59
Várzea Grande; Mato Grosso; Brasil;14;517;2.71%;0.41;5.7
Cariacica; Espírito Santo; Brasil;6;480;1.25%;0.39;2.36
Araguari; Minas Gerais; Brasil;10;183;5.46%;0.42;4.21
Gravatá; Pernambuco; Brasil;4;110;3.64%;0.26;1.04
Nova Petrópolis; Rio Grande do Sul; Brasil;0;1;0.00%;--;0
Aquiraz; Ceará; Brasil;1;33;3.03%;0.11;0.11
Dias d'Ávila; Bahia; Brasil;3;130;2.31%;0.33;0.98
Uruguaiana; Rio Grande do Sul; Brasil;5;207;2.42%;0.82;4.12
Palhoça; Santa Catarina; Brasil;5;417;1.20%;0.42;2.11
Barretos; São Paulo; Brasil;5;203;2.46%;0.36;1.79
São João do Ivaí; Paraná; Brasil;1;57;1.75%;0.36;0.36
Pederneiras; São Paulo; Brasil;0;35;0.00%;--;0
Oliveira; Minas Gerais; Brasil;2;275;0.73%;0.51;1.01
Teutônia; Rio Grande do Sul; Brasil;0;75;0.00%;--;0
Capivari; São Paulo; Brasil;0;40;0.00%;--;0
Ecoporanga; Espírito Santo; Brasil;0;38;0.00%;--;0
Itanhaém; São Paulo; Brasil;4;161;2.48%;0.1;0.39
Ipirá; Bahia; Brasil;1;113;0.88%;0.45;0.45
Irecê; Bahia; Brasil;8;119;6.72%;0.22;1.75
Campo Belo; Minas Gerais; Brasil;2;145;1.38%;0.53;1.06
Guararema; São Paulo; Brasil;0;71;0.00%;--;0
Andirá; Paraná; Brasil;0;28;0.00%;--;0
Montenegro; Rio Grande do Sul; Brasil;1;95;1.05%;0.05;0.05
Parauapebas; Pará; Brasil;16;776;2.06%;0.28;4.54
Fraiburgo; Santa Catarina; Brasil;3;101;2.97%;0.26;0.78
Lagoa Santa; Minas Gerais; Brasil;0;128;0.00%;--;0
Ubatuba; São Paulo; Brasil;4;164;2.44%;0.2;0.82
Santa Gertrudes; São Paulo; Brasil;0;3;0.00%;--;0
Jaru; Rondônia; Brasil;4;112;3.57%;0.21;0.85
Pires do Rio; Goiás; Brasil;2;90;2.22%;0.7;1.39
Araripina; Pernambuco; Brasil;8;171;4.68%;0.14;1.13
Santana de Parnaíba; São Paulo; Brasil;7;401;1.75%;0.44;3.07
Ji-Paraná; Rondônia; Brasil;11;252;4.37%;0.58;6.4
São Luís; Maranhão; Brasil;53;1571;3.37%;0.24;12.79
Altamira; Pará; Brasil;11;438;2.51%;0.37;4.06
Juazeiro; Bahia; Brasil;14;350;4.00%;0.19;2.61
Novo Hamburgo; Rio Grande do Sul; Brasil;7;331;2.11%;0.34;2.41
Paranavaí; Paraná; Brasil;2;176;1.14%;0.73;1.46
Campina Grande do Sul; Paraná; Brasil;0;38;0.00%;--;0
Jaboticabal; São Paulo; Brasil;2;186;1.08%;0.89;1.78
Castanhal; Pará; Brasil;8;264;3.03%;0.44;3.55
Sengés; Paraná; Brasil;0;51;0.00%;--;0
Itaberaba; Bahia; Brasil;3;79;3.80%;0.15;0.46
Águas Lindas de Goiás; Goiás; Brasil;4;286;1.40%;0.29;1.17
Clevelândia; Paraná; Brasil;0;40;0.00%;--;0
Miracatu; São Paulo; Brasil;3;56;5.36%;0.35;1.05
Ipatinga; Minas Gerais; Brasil;13;534;2.43%;0.43;5.65
Castelo; Espírito Santo; Brasil;2;65;3.08%;0.28;0.56
Santo Antônio de Pádua; Rio de Janeiro; Brasil;1;87;1.15%;6.46;6.46
Antonina; Paraná; Brasil;1;30;3.33%;0.12;0.12
Piripiri; Piauí; Brasil;2;98;2.04%;1.37;2.74
Andradas; Minas Gerais; Brasil;2;85;2.35%;0.59;1.17
Santo Antônio da Patrulha; Rio Grande do Sul; Brasil;6;83;7.23%;0.28;1.67
Ampére; Paraná; Brasil;0;36;0.00%;--;0
Xanxerê; Santa Catarina; Brasil;3;166;1.81%;0.32;0.97
Araçuaí; Minas Gerais; Brasil;2;154;1.30%;0.27;0.55
Rolim de Moura; Rondônia; Brasil;1;109;0.92%;0.11;0.11
Peruíbe; São Paulo; Brasil;6;137;4.38%;0.17;1.04
Horizonte; Ceará; Brasil;3;72;4.17%;0.14;0.43
Águas de Lindóia; São Paulo; Brasil;0;33;0.00%;--;0
Itaparica; Bahia; Brasil;0;23;0.00%;--;0
Paulínia; São Paulo; Brasil;0;226;0.00%;--;0
Diamantina; Minas Gerais; Brasil;2;183;1.09%;0.41;0.81
Quatro Barras; Paraná; Brasil;0;63;0.00%;--;0
João Neiva; Espírito Santo; Brasil;1;59;1.69%;0.05;0.05
Senador Canedo; Goiás; Brasil;6;268;2.24%;0.37;2.22
Brotas; São Paulo; Brasil;1;95;1.05%;0.18;0.18
Porto Alegre; Rio Grande do Sul; Brasil;49;2939;1.67%;0.34;16.83
Jaguariúna; São Paulo; Brasil;0;115;0.00%;--;0
São Sebastião do Passé; Bahia; Brasil;5;60;8.33%;0.43;2.17
Foz do Iguaçu; Paraná; Brasil;6;512;1.17%;0.46;2.76
Vespasiano; Minas Gerais; Brasil;2;173;1.16%;0.39;0.78
Campo Novo do Parecis; Mato Grosso; Brasil;4;151;2.65%;0.25;0.99
Pindamonhangaba; São Paulo; Brasil;1;56;1.79%;0.58;0.58
Wenceslau Braz; Paraná; Brasil;0;22;0.00%;--;0
Santo Ângelo; Rio Grande do Sul; Brasil;4;154;2.60%;0.26;1.04
Caçapava; São Paulo; Brasil;5;256;1.95%;0.41;2.04
Cabo Frio; Rio de Janeiro; Brasil;5;348;1.44%;0.19;0.94
Simões Filho; Bahia; Brasil;0;31;0.00%;--;0
Guaíra; São Paulo; Brasil;0;102;0.00%;--;0
Porto Nacional; Tocantins; Brasil;3;133;2.26%;0.3;0.9
Quixadá; Ceará; Brasil;1;86;1.16%;0.16;0.16
Céu Azul; Paraná; Brasil;1;61;1.64%;0.17;0.17
São Roque; São Paulo; Brasil;1;40;2.50%;0.15;0.15
Boituva; São Paulo; Brasil;2;125;1.60%;0.24;0.49
Santa Luzia; Paraíba; Brasil;0;49;0.00%;--;0
Cravinhos; São Paulo; Brasil;0;5;0.00%;--;0
Ijuí; Rio Grande do Sul; Brasil;2;192;1.04%;0.52;1.03
Santos; São Paulo; Brasil;13;847;1.53%;0.66;8.61
Promissão; São Paulo; Brasil;2;45;4.44%;0.3;0.6
Itumbiara; Goiás; Brasil;2;242;0.83%;0.43;0.86
Ilhéus; Bahia; Brasil;2;116;1.72%;0.33;0.65
Mauá; São Paulo; Brasil;8;803;1.00%;0.52;4.19
Lapa; Paraná; Brasil;3;142;2.11%;0.45;1.35
Carazinho; Rio Grande do Sul; Brasil;0;89;0.00%;--;0
Goioerê; Paraná; Brasil;1;85;1.18%;0.26;0.26
Inhumas; Goiás; Brasil;2;54;3.70%;0.12;0.24
Vinhedo; São Paulo; Brasil;1;210;0.48%;0.43;0.43
Rio Branco do Sul; Paraná; Brasil;0;79;0.00%;--;0
Pacajus; Ceará; Brasil;1;47;2.13%;0.09;0.09
Registro; São Paulo; Brasil;4;138;2.90%;0.57;2.29
Vilhena; Rondônia; Brasil;6;155;3.87%;0.17;1
Alfenas; Minas Gerais; Brasil;4;278;1.44%;0.39;1.54
Xaxim; Santa Catarina; Brasil;0;56;0.00%;--;0
Presidente Venceslau; São Paulo; Brasil;0;21;0.00%;--;0
Serafina Corrêa; Rio Grande do Sul; Brasil;1;44;2.27%;0.32;0.32
Rosário do Sul; Rio Grande do Sul; Brasil;0;76;0.00%;--;0
Candeias; Bahia; Brasil;0;75;0.00%;--;0
Cruz das Almas; Bahia; Brasil;0;18;0.00%;--;0
Pinhalzinho; Santa Catarina; Brasil;1;58;1.72%;0.38;0.38
Ibaté; São Paulo; Brasil;0;32;0.00%;--;0
Barbalha; Ceará; Brasil;2;96;2.08%;0.2;0.4
Caçador; Santa Catarina; Brasil;3;177;1.69%;0.36;1.07
Moreno; Pernambuco; Brasil;1;35;2.86%;0.16;0.16
Salgueiro; Pernambuco; Brasil;1;70;1.43%;0.19;0.19
Maragogi; Alagoas; Brasil;2;59;3.39%;0.16;0.32
Piedade; São Paulo; Brasil;0;58;0.00%;--;0
Santa Cruz; Rio Grande do Norte; Brasil;4;45;8.89%;0.14;0.54
Janaúba; Minas Gerais; Brasil;5;381;1.31%;0.58;2.88
Coari; Amazonas; Brasil;0;42;0.00%;--;0
Ibaiti; Paraná; Brasil;2;95;2.11%;0.55;1.1
Ibirité; Minas Gerais; Brasil;2;203;0.99%;0.36;0.72
Belo Jardim; Pernambuco; Brasil;1;101;0.99%;0.34;0.34
Matinhos; Paraná; Brasil;1;64;1.56%;0.4;0.4
Linhares; Espírito Santo; Brasil;7;372;1.88%;0.16;1.1
Santo Antônio do Descoberto; Goiás; Brasil;0;87;0.00%;--;0
Rio Claro; Rio de Janeiro; Brasil;2;41;4.88%;0.32;0.64
Mairinque; São Paulo; Brasil;4;87;4.60%;0.18;0.7
Matão; São Paulo; Brasil;4;177;2.26%;0.36;1.44
Rio Branco; Acre; Brasil;14;486;2.88%;0.24;3.41
Contagem; Minas Gerais; Brasil;26;1844;1.41%;0.43;11.14
Itapetininga; São Paulo; Brasil;9;416;2.16%;0.41;3.67
Marília; São Paulo; Brasil;14;476;2.94%;0.55;7.72
Gravataí; Rio Grande do Sul; Brasil;6;615;0.98%;0.2;1.2
Arroio do Meio; Rio Grande do Sul; Brasil;0;64;0.00%;--;0
Santana do Paraíso; Minas Gerais; Brasil;5;113;4.42%;0.22;1.08
Sousa; Paraíba; Brasil;6;164;3.66%;0.09;0.55
Carazinho; Rio Grande do Sul; Brasil;1;61;1.64%;3.22;3.22
Avaré; São Paulo; Brasil;2;38;5.26%;0.31;0.61
Rio Bananal; Espírito Santo; Brasil;1;36;2.78%;0.5;0.5
São Francisco do Sul; Santa Catarina; Brasil;0;54;0.00%;--;0
Itaboraí; Rio de Janeiro; Brasil;3;366;0.82%;0.32;0.97
Pindamonhangaba; São Paulo; Brasil;6;337;1.78%;0.34;2.02
Água Boa; Mato Grosso; Brasil;2;119;1.68%;0.21;0.42
Naviraí; Mato Grosso do Sul; Brasil;2;202;0.99%;0.42;0.85
Pedro Leopoldo; Minas Gerais; Brasil;0;44;0.00%;--;0
São Marcos; Rio Grande do Sul; Brasil;0;47;0.00%;--;0
Orlândia; São Paulo; Brasil;1;47;2.13%;0.19;0.19
Capivari; São Paulo; Brasil;2;111;1.80%;0.11;0.22
Cordeirópolis; São Paulo; Brasil;1;68;1.47%;1.19;1.19
Valentim Gentil; São Paulo; Brasil;0;20;0.00%;--;0
Bento Gonçalves; Rio Grande do Sul; Brasil;2;346;0.58%;0.38;0.76
Baixo Guandu; Espírito Santo; Brasil;6;151;3.97%;0.66;3.93
Muriaé; Minas Gerais; Brasil;0;184;0.00%;--;0
Unaí; Minas Gerais; Brasil;9;202;4.46%;0.41;3.71
Cachoeira Paulista; São Paulo; Brasil;0;15;0.00%;--;0
São Caetano do Sul; São Paulo; Brasil;2;286;0.70%;0.32;0.64
Vargem Grande do Sul; São Paulo; Brasil;0;42;0.00%;--;0
Tefé; Amazonas; Brasil;1;31;3.23%;0.08;0.08
Indaiatuba; São Paulo; Brasil;21;690;3.04%;0.51;10.77
Iturama; Minas Gerais; Brasil;3;99;3.03%;1.59;4.76
Araçariguama; São Paulo; Brasil;0;79;0.00%;--;0
Valparaíso de Goiás; Goiás; Brasil;3;181;1.66%;0.23;0.68
Além Paraíba; Minas Gerais; Brasil;1;52;1.92%;0.31;0.31
Cotia; São Paulo; Brasil;11;726;1.52%;0.75;8.23
Cajamar; São Paulo; Brasil;2;261;0.77%;0.2;0.4
Tatuí; São Paulo; Brasil;5;277;1.81%;0.49;2.46
Itupeva; São Paulo; Brasil;0;3;0.00%;--;0
Itu; São Paulo; Brasil;4;389;1.03%;0.41;1.64
Manhuaçu; Minas Gerais; Brasil;2;123;1.63%;0.17;0.35
Mariana; Minas Gerais; Brasil;4;201;1.99%;0.43;1.72
Piraí; Rio de Janeiro; Brasil;0;5;0.00%;--;0
Schroeder; Santa Catarina; Brasil;0;8;0.00%;--;0
Fernandópolis; São Paulo; Brasil;2;115;1.74%;0.59;1.18
Pirajuí; São Paulo; Brasil;1;63;1.59%;1.03;1.03
Açailândia; Maranhão; Brasil;8;182;4.40%;0.27;2.17
Sapucaia; Rio de Janeiro; Brasil;0;26;0.00%;--;0
Limoeiro do Norte; Ceará; Brasil;1;52;1.92%;0.44;0.44
Santo Antônio da Patrulha; Rio Grande do Sul; Brasil;2;44;4.55%;0.54;1.07
Santana do Livramento; Rio Grande do Sul; Brasil;5;128;3.91%;0.29;1.46
José Bonifácio; São Paulo; Brasil;3;61;4.92%;1.01;3.02
Guaratuba; Paraná; Brasil;0;12;0.00%;--;0
Jaraguá; Goiás; Brasil;3;96;3.13%;0.11;0.33
Morro da Fumaça; Santa Catarina; Brasil;0;31;0.00%;--;0
Timbaúba; Pernambuco; Brasil;2;64;3.13%;0.35;0.69
Miracema; Rio de Janeiro; Brasil;0;43;0.00%;--;0
Garibaldi; Rio Grande do Sul; Brasil;0;2;0.00%;--;0
Bebedouro; São Paulo; Brasil;2;151;1.32%;0.35;0.69
Itapema; Santa Catarina; Brasil;0;100;0.00%;--;0
Angatuba; São Paulo; Brasil;0;114;0.00%;--;0
Santa Rosa; Rio Grande do Sul; Brasil;5;241;2.07%;0.41;2.03
São Gabriel; Rio Grande do Sul; Brasil;0;88;0.00%;--;0
São Fidélis; Rio de Janeiro; Brasil;3;67;4.48%;0.5;1.51
Pomerode; Santa Catarina; Brasil;4;103;3.88%;0.47;1.89
Getúlio Vargas; Rio Grande do Sul; Brasil;2;43;4.65%;0.69;1.38
Faxinal; Paraná; Brasil;1;46;2.17%;0.19;0.19
Presidente Getúlio; Santa Catarina; Brasil;1;34;2.94%;0.88;0.88
Montenegro; Rio Grande do Sul; Brasil;2;135;1.48%;0.48;0.96
Santo Estêvão; Bahia; Brasil;2;104;1.92%;0.12;0.24
São Francisco; Minas Gerais; Brasil;1;78;1.28%;0.21;0.21
Iporá; Goiás; Brasil;1;77;1.30%;0.31;0.31
Juquitiba; São Paulo; Brasil;5;68;7.35%;0.21;1.03
Joinville; Santa Catarina; Brasil;24;1371;1.75%;0.34;8.07
Lençóis Paulista; São Paulo; Brasil;0;252;0.00%;--;0
Santarém; Pará; Brasil;21;485;4.33%;0.28;5.96
Teresina; Piauí; Brasil;31;1007;3.08%;0.22;6.81
São João del Rei; Minas Gerais; Brasil;8;287;2.79%;0.61;4.86
São Gonçalo; Rio de Janeiro; Brasil;19;851;2.23%;0.25;4.79
Poços de Caldas; Minas Gerais; Brasil;2;417;0.48%;1.03;2.05
Santa Cruz do Rio Pardo; São Paulo; Brasil;0;30;0.00%;--;0
Ponta Porã; Mato Grosso do Sul; Brasil;2;215;0.93%;0.51;1.01
Divinópolis; Minas Gerais; Brasil;19;613;3.10%;0.34;6.48
Queimadas; Paraíba; Brasil;0;29;0.00%;--;0
Chapecó; Santa Catarina; Brasil;11;630;1.75%;0.62;6.8
Piracicaba; São Paulo; Brasil;19;966;1.97%;0.35;6.61
Pouso Alegre; Minas Gerais; Brasil;8;447;1.79%;0.61;4.89
Cidade Ocidental; Goiás; Brasil;0;18;0.00%;--;0
Franca; São Paulo; Brasil;9;689;1.31%;0.54;4.88
São Miguel dos Campos; Alagoas; Brasil;1;80;1.25%;0.08;0.08
Afonso Cláudio; Espírito Santo; Brasil;4;126;3.17%;0.13;0.52
Morrinhos; Goiás; Brasil;2;126;1.59%;0.3;0.6
Arcos; Minas Gerais; Brasil;1;117;0.85%;0.76;0.76
Campos do Jordão; São Paulo; Brasil;4;97;4.12%;0.84;3.37
Mendes; Rio de Janeiro; Brasil;0;8;0.00%;--;0
Bom Jesus do Itabapoana; Rio de Janeiro; Brasil;2;84;2.38%;0.18;0.36
São Cristóvão; Sergipe; Brasil;1;68;1.47%;0.21;0.21
Viçosa; Minas Gerais; Brasil;4;197;2.03%;1.2;4.81
São Sebastião do Paraíso; Minas Gerais; Brasil;6;197;3.05%;0.56;3.38
Porto Feliz; São Paulo; Brasil;0;69;0.00%;--;0
Mangueirinha; Paraná; Brasil;0;90;0.00%;--;0
Saquarema; Rio de Janeiro; Brasil;1;103;0.97%;0.13;0.13
Feliz; Rio Grande do Sul; Brasil;1;40;2.50%;1.61;1.61
Chapadão do Sul; Mato Grosso do Sul; Brasil;6;164;3.66%;0.34;2.01
Álvares Machado; São Paulo; Brasil;0;27;0.00%;--;0
Flores da Cunha; Rio Grande do Sul; Brasil;4;166;2.41%;0.89;3.55
São Pedro; São Paulo; Brasil;3;59;5.08%;0.35;1.06
Currais Novos; Rio Grande do Norte; Brasil;2;66;3.03%;0.41;0.82
Espumoso; Rio Grande do Sul; Brasil;1;75;1.33%;0.36;0.36
Butiá; Rio Grande do Sul; Brasil;1;48;2.08%;0.1;0.1
Mogi Mirim; São Paulo; Brasil;5;204;2.45%;0.27;1.37
Taquaritinga; São Paulo; Brasil;1;31;3.23%;0.33;0.33
Bayeux; Paraíba; Brasil;2;132;1.52%;0.12;0.25
Volta Redonda; Rio de Janeiro; Brasil;9;436;2.06%;0.32;2.92
Luziânia; Goiás; Brasil;15;307;4.89%;0.14;2.15
Laranjeiras do Sul; Paraná; Brasil;1;65;1.54%;0.87;0.87
São Bento do Sul; Santa Catarina; Brasil;2;277;0.72%;0.33;0.66
Guarulhos; São Paulo; Brasil;34;3420;0.99%;0.41;14.03
Caraguatatuba; São Paulo; Brasil;4;219;1.83%;0.29;1.16
Duque de Caxias; Rio de Janeiro; Brasil;18;1075;1.67%;0.25;4.49
Jales; São Paulo; Brasil;0;87;0.00%;--;0
Londrina; Paraná; Brasil;18;1239;1.45%;0.46;8.3
Coronel Fabriciano; Minas Gerais; Brasil;3;177;1.69%;0.56;1.67
Espírito Santo do Pinhal; São Paulo; Brasil;0;80;0.00%;--;0
São Gabriel da Palha; Espírito Santo; Brasil;1;68;1.47%;0.13;0.13
Limeira; São Paulo; Brasil;8;631;1.27%;0.4;3.22
São Leopoldo; Rio Grande do Sul; Brasil;10;484;2.07%;0.52;5.22
Varginha; Minas Gerais; Brasil;1;296;0.34%;0.17;0.17
Santa Luzia; Minas Gerais; Brasil;4;357;1.12%;0.3;1.19
Socorro; São Paulo; Brasil;3;81;3.70%;0.53;1.58
Maravilha; Santa Catarina; Brasil;0;70;0.00%;--;0
Mamanguape; Paraíba; Brasil;1;73;1.37%;0.12;0.12
Rondonópolis; Mato Grosso; Brasil;14;605;2.31%;0.44;6.11
Mangaratiba; Rio de Janeiro; Brasil;0;76;0.00%;--;0
Realeza; Paraná; Brasil;0;65;0.00%;--;0
Imperatriz; Maranhão; Brasil;23;584;3.94%;0.24;5.49
Caçapava do Sul; Rio Grande do Sul; Brasil;6;115;5.22%;0.72;4.34
Gramado; Rio Grande do Sul; Brasil;1;96;1.04%;0.76;0.76
Itápolis; São Paulo; Brasil;0;99;0.00%;--;0
Tucuruí; Pará; Brasil;1;108;0.93%;0.08;0.08
Diadema; São Paulo; Brasil;12;839;1.43%;0.43;5.21
Santo Amaro; Bahia; Brasil;1;79;1.27%;0.14;0.14
Cesário Lange; São Paulo; Brasil;1;38;2.63%;0.35;0.35
Navegantes; Santa Catarina; Brasil;0;184;0.00%;--;0
Balneário Piçarras; Santa Catarina; Brasil;1;40;2.50%;0.14;0.14
Vazante; Minas Gerais; Brasil;2;59;3.39%;0.58;1.15
São José do Vale do Rio Preto; Rio de Janeiro; Brasil;1;32;3.13%;0.15;0.15
São José de Mipibu; Rio Grande do Norte; Brasil;3;27;11.11%;0.12;0.36
Iguatu; Ceará; Brasil;1;105;0.95%;0.05;0.05
Camanducaia; Minas Gerais; Brasil;1;25;4.00%;0.33;0.33
Carpina; Pernambuco; Brasil;0;83;0.00%;--;0
Pouso Alto; Minas Gerais; Brasil;0;12;0.00%;--;0
Aparecida; São Paulo; Brasil;0;4;0.00%;--;0
São Lourenço; Minas Gerais; Brasil;4;189;2.12%;0.48;1.94
Manhumirim; Minas Gerais; Brasil;4;62;6.45%;0.37;1.48
Cruzeiro do Oeste; Paraná; Brasil;0;43;0.00%;--;0
Loanda; Paraná; Brasil;2;69;2.90%;0.75;1.49
Simão Dias; Sergipe; Brasil;1;67;1.49%;0.12;0.12
Muzambinho; Minas Gerais; Brasil;0;122;0.00%;--;0
Perdões; Minas Gerais; Brasil;0;21;0.00%;--;0
Macaúbas; Bahia; Brasil;0;57;0.00%;--;0
Iracemápolis; São Paulo; Brasil;5;50;10.00%;0.42;2.08
Araguaína; Tocantins; Brasil;4;256;1.56%;0.29;1.17
São Miguel Arcanjo; São Paulo; Brasil;3;81;3.70%;0.16;0.48
Penha; Santa Catarina; Brasil;1;102;0.98%;0.21;0.21
Brumadinho; Minas Gerais; Brasil;3;154;1.95%;0.29;0.88
Franco da Rocha; São Paulo; Brasil;6;242;2.48%;0.39;2.35
Itatiaia; Rio de Janeiro; Brasil;2;42;4.76%;0.73;1.45
Barra Velha; Santa Catarina; Brasil;1;52;1.92%;0.26;0.26
Imbituba; Santa Catarina; Brasil;0;96;0.00%;--;0
Paraguaçu; Minas Gerais; Brasil;4;66;6.06%;0.6;2.41
Joanópolis; São Paulo; Brasil;0;32;0.00%;--;0
Louveira; São Paulo; Brasil;0;5;0.00%;--;0
Cáceres; Mato Grosso; Brasil;2;250;0.80%;0.1;0.19
Marechal Cândido Rondon; Paraná; Brasil;3;168;1.79%;0.41;1.23
Santa Vitória; Minas Gerais; Brasil;3;115;2.61%;0.4;1.21
Chapadinha; Maranhão; Brasil;0;104;0.00%;--;0
Palmares; Pernambuco; Brasil;1;68;1.47%;0.51;0.51
Assaí; Paraná; Brasil;0;25;0.00%;--;0
Cambuí; Minas Gerais; Brasil;0;44;0.00%;--;0
Açu; Rio Grande do Norte; Brasil;1;28;3.57%;0.22;0.22
Leopoldina; Minas Gerais; Brasil;2;94;2.13%;0.55;1.11
Matozinhos; Minas Gerais; Brasil;2;79;2.53%;0.26;0.52
Birigui; São Paulo; Brasil;2;219;0.91%;0.49;0.97
Guará; São Paulo; Brasil;0;14;0.00%;--;0
Jequié; Bahia; Brasil;11;383;2.87%;0.23;2.49
Cataguases; Minas Gerais; Brasil;2;131;1.53%;1;1.99
Palmitos; Santa Catarina; Brasil;1;47;2.13%;0.1;0.1
Sananduva; Rio Grande do Sul; Brasil;1;71;1.41%;0.07;0.07
Pilar; Alagoas; Brasil;0;53;0.00%;--;0
Ibatiba; Espírito Santo; Brasil;1;69;1.45%;0.33;0.33
Extremoz; Rio Grande do Norte; Brasil;0;50;0.00%;--;0
Porto Velho; Rondônia; Brasil;20;773;2.59%;0.27;5.4
Mandaguari; Paraná; Brasil;0;8;0.00%;--;0
Andradina; São Paulo; Brasil;4;115;3.48%;0.16;0.64
Mata de São João; Bahia; Brasil;4;71;5.63%;0.25;1.01
Jacareí; São Paulo; Brasil;4;535;0.75%;0.29;1.14
Nova Esperança; Paraná; Brasil;3;25;12.00%;0.2;0.61
Ilhabela; São Paulo; Brasil;0;56;0.00%;--;0
Extrema; Minas Gerais; Brasil;0;44;0.00%;--;0
Pojuca; Bahia; Brasil;1;44;2.27%;0.58;0.58
Tramandaí; Rio Grande do Sul; Brasil;3;132;2.27%;0.79;2.37
Apucarana; Paraná; Brasil;5;302;1.66%;0.36;1.79
Chavantes; São Paulo; Brasil;0;38;0.00%;--;0
Barra do Piraí; Rio de Janeiro; Brasil;0;28;0.00%;--;0
Cacoal; Rondônia; Brasil;5;150;3.33%;0.17;0.86
Itamaraju; Bahia; Brasil;4;133;3.01%;0.12;0.49
Itapiranga; Santa Catarina; Brasil;0;40;0.00%;--;0
Morrinhos; Goiás; Brasil;0;22;0.00%;--;0
Barão de Cocais; Minas Gerais; Brasil;1;141;0.71%;0.48;0.48
Santo Antônio da Platina; Paraná; Brasil;4;116;3.45%;0.47;1.87
São Manuel; São Paulo; Brasil;0;10;0.00%;--;0
Sobral; Ceará; Brasil;7;378;1.85%;0.48;3.34
Itararé; São Paulo; Brasil;3;124;2.42%;0.13;0.39
Lavras; Minas Gerais; Brasil;1;57;1.75%;0.37;0.37
Promissão; São Paulo; Brasil;1;50;2.00%;0.49;0.49
Camboriú; Santa Catarina; Brasil;2;132;1.52%;0.3;0.59
Pesqueira; Pernambuco; Brasil;3;82;3.66%;0.48;1.43
São Luiz Gonzaga; Rio Grande do Sul; Brasil;0;124;0.00%;--;0
Ibiporã; Paraná; Brasil;3;92;3.26%;0.6;1.79
Goianápolis; Goiás; Brasil;1;65;1.54%;0.27;0.27
Mongaguá; São Paulo; Brasil;1;75;1.33%;0.19;0.19
Ibirubá; Rio Grande do Sul; Brasil;0;71;0.00%;--;0
Itaporanga; Paraíba; Brasil;0;33;0.00%;--;0
Miguel Pereira; Rio de Janeiro; Brasil;3;48;6.25%;0.23;0.68
Rio do Sul; Santa Catarina; Brasil;3;321;0.93%;0.34;1.01
Glória do Goitá; Pernambuco; Brasil;2;84;2.38%;0.25;0.49
Cachoeira Paulista; São Paulo; Brasil;0;20;0.00%;--;0
Bom Despacho; Minas Gerais; Brasil;1;90;1.11%;0.17;0.17
Dourados; Mato Grosso do Sul; Brasil;13;586;2.22%;0.41;5.38
Casca; Rio Grande do Sul; Brasil;0;27;0.00%;--;0
Catu; Bahia; Brasil;2;58;3.45%;0.24;0.48
Salvador; Bahia; Brasil;106;4304;2.46%;0.35;37.13
Cristalina; Goiás; Brasil;3;117;2.56%;0.26;0.78
Arcoverde; Pernambuco; Brasil;8;142;5.63%;0.18;1.4
Timon; Maranhão; Brasil;4;124;3.23%;0.2;0.79
São Bernardo do Campo; São Paulo; Brasil;33;1828;1.81%;0.55;18.22
Satuba; Alagoas; Brasil;0;25;0.00%;--;0
Jacutinga; Minas Gerais; Brasil;2;44;4.55%;0.21;0.42
Matão; São Paulo; Brasil;2;35;5.71%;0.17;0.33
Elói Mendes; Minas Gerais; Brasil;1;32;3.13%;0.4;0.4
Paraisópolis; Minas Gerais; Brasil;1;106;0.94%;0.4;0.4
Engenheiro Coelho; São Paulo; Brasil;2;33;6.06%;0.24;0.49
Santa Inês; Maranhão; Brasil;5;270;1.85%;0.23;1.15
Jacareí; São Paulo; Brasil;4;109;3.67%;0.4;1.6
Ibitinga; São Paulo; Brasil;0;89;0.00%;--;0
Paranaguá; Paraná; Brasil;1;20;5.00%;0.23;0.23
Santa Vitória do Palmar; Rio Grande do Sul; Brasil;2;91;2.20%;0.35;0.71
Ouro Fino; Minas Gerais; Brasil;3;71;4.23%;0.48;1.43
Gaspar; Santa Catarina; Brasil;5;177;2.82%;0.34;1.71
Lavras; Minas Gerais; Brasil;2;263;0.76%;0.39;0.77
São Mateus; Espírito Santo; Brasil;5;281;1.78%;0.55;2.77
Pitangui; Minas Gerais; Brasil;0;24;0.00%;--;0
Bezerros; Pernambuco; Brasil;1;132;0.76%;0.08;0.08
Marau; Rio Grande do Sul; Brasil;3;195;1.54%;0.33;1
Rio das Ostras; Rio de Janeiro; Brasil;5;265;1.89%;0.51;2.56
Itapetinga; Bahia; Brasil;2;129;1.55%;0.36;0.73
São Joaquim da Barra; São Paulo; Brasil;0;50;0.00%;--;0
Joaquim Gomes; Alagoas; Brasil;0;10;0.00%;--;0
Alegre; Espírito Santo; Brasil;0;60;0.00%;--;0
Jardinópolis; São Paulo; Brasil;1;159;0.63%;0.41;0.41
Brotas; São Paulo; Brasil;1;64;1.56%;0.6;0.6
Angra dos Reis; Rio de Janeiro; Brasil;9;348;2.59%;0.42;3.78
Rio das Pedras; São Paulo; Brasil;3;74;4.05%;0.38;1.13
Rio de Janeiro; Rio de Janeiro; Brasil;142;8319;1.71%;0.43;61.49
Itapecerica da Serra; São Paulo; Brasil;7;291;2.41%;0.64;4.45
Aracaju; Sergipe; Brasil;21;888;2.36%;0.34;7.07
São José; Santa Catarina; Brasil;4;388;1.03%;0.5;2
Itapeva; São Paulo; Brasil;2;223;0.90%;0.87;1.73
Queimados; Rio de Janeiro; Brasil;3;157;1.91%;0.44;1.33
Tangará da Serra; Mato Grosso; Brasil;6;306;1.96%;0.17;1.04
Fortaleza; Ceará; Brasil;84;3560;2.36%;0.26;21.46
Patos; Paraíba; Brasil;4;162;2.47%;0.34;1.38
Marabá; Pará; Brasil;15;555;2.70%;0.21;3.18
Assú; Rio Grande do Norte; Brasil;1;69;1.45%;0.42;0.42
Venâncio Aires; Rio Grande do Sul; Brasil;0;94;0.00%;--;0
Assis; São Paulo; Brasil;2;182;1.10%;0.51;1.02
Porto Seguro; Bahia; Brasil;9;137;6.57%;0.18;1.64
Umuarama; Paraná; Brasil;6;542;1.11%;0.28;1.71
São Pedro; São Paulo; Brasil;0;12;0.00%;--;0
Jacobina; Bahia; Brasil;9;187;4.81%;0.2;1.82
Santana do Livramento; Rio Grande do Sul; Brasil;2;40;5.00%;1.37;2.74
Taquaritinga; São Paulo; Brasil;0;90;0.00%;--;0
Teresópolis; Rio de Janeiro; Brasil;4;204;1.96%;0.43;1.73
Marialva; Paraná; Brasil;1;66;1.52%;0.44;0.44
Mafra; Santa Catarina; Brasil;2;167;1.20%;0.15;0.29
Trindade; Goiás; Brasil;0;24;0.00%;--;0
Monte Alegre; Pará; Brasil;0;75;0.00%;--;0
Clementina; São Paulo; Brasil;2;34;5.88%;0.53;1.05
Guaíba; Rio Grande do Sul; Brasil;6;268;2.24%;0.35;2.08
Pirenópolis; Goiás; Brasil;0;74;0.00%;--;0
Aguaí; São Paulo; Brasil;2;93;2.15%;0.84;1.68
Tianguá; Ceará; Brasil;9;246;3.66%;0.3;2.69
Santa Cruz do Rio Pardo; São Paulo; Brasil;0;61;0.00%;--;0
Sarandi; Paraná; Brasil;2;134;1.49%;0.21;0.43
Porto Belo; Santa Catarina; Brasil;0;38;0.00%;--;0
Brumado; Bahia; Brasil;11;211;5.21%;0.45;4.97
Cosmópolis; São Paulo; Brasil;0;9;0.00%;--;0
Prudentópolis; Paraná; Brasil;3;72;4.17%;0.16;0.47
Santa Gertrudes; São Paulo; Brasil;0;23;0.00%;--;0
Bandeirantes; Paraná; Brasil;0;65;0.00%;--;0
São Francisco do Sul; Santa Catarina; Brasil;1;150;0.67%;0.51;0.51
Nova Serrana; Minas Gerais; Brasil;2;133;1.50%;0.92;1.83
Pitangueiras; São Paulo; Brasil;6;67;8.96%;0.23;1.35
Iguaba Grande; Rio de Janeiro; Brasil;3;68;4.41%;0.36;1.07
Cerqueira César; São Paulo; Brasil;0;45;0.00%;--;0
Três Corações; Minas Gerais; Brasil;1;138;0.72%;0.2;0.2
Cerquilho; São Paulo; Brasil;2;115;1.74%;0.34;0.67
Guapimirim; Rio de Janeiro; Brasil;2;74;2.70%;0.23;0.46
Braço do Norte; Santa Catarina; Brasil;3;81;3.70%;0.17;0.5
Itajubá; Minas Gerais; Brasil;3;277;1.08%;0.46;1.39
Garanhuns; Pernambuco; Brasil;6;235;2.55%;0.16;0.96
Mogi Guaçu; São Paulo; Brasil;5;322;1.55%;0.46;2.32
Monte Sião; Minas Gerais; Brasil;1;43;2.33%;0.43;0.43
Itapira; São Paulo; Brasil;2;207;0.97%;0.53;1.06
Sabará; Minas Gerais; Brasil;3;75;4.00%;0.27;0.8
Estância Velha; Rio Grande do Sul; Brasil;0;122;0.00%;--;0
Governador Valadares; Minas Gerais; Brasil;7;601;1.16%;0.49;3.46
Tapejara; Rio Grande do Sul; Brasil;0;61;0.00%;--;0
Cosmópolis; São Paulo; Brasil;1;77;1.30%;1.2;1.2
Araçatuba; São Paulo; Brasil;3;445;0.67%;0.33;0.98
Além Paraíba; Minas Gerais; Brasil;0;43;0.00%;--;0
Guaçuí; Espírito Santo; Brasil;1;37;2.70%;0.25;0.25
Nova Venécia; Espírito Santo; Brasil;4;93;4.30%;0.25;0.98
Monte Santo de Minas; Minas Gerais; Brasil;2;112;1.79%;0.61;1.21
Garça; São Paulo; Brasil;0;33;0.00%;--;0
Holambra; São Paulo; Brasil;0;1;0.00%;--;0
Pontal; São Paulo; Brasil;1;37;2.70%;0.33;0.33
Salto; São Paulo; Brasil;1;290;0.34%;0.04;0.04
Limeira; São Paulo; Brasil;1;77;1.30%;0.26;0.26
Sabará; Minas Gerais; Brasil;2;193;1.04%;0.36;0.71
Campina Grande; Paraíba; Brasil;22;510;4.31%;0.29;6.47
Saubara; Bahia; Brasil;1;10;10.00%;0.07;0.07
Canela; Rio Grande do Sul; Brasil;4;107;3.74%;0.71;2.82
Araranguá; Santa Catarina; Brasil;1;151;0.66%;0.23;0.23
Maranguape; Ceará; Brasil;2;63;3.17%;0.2;0.41
Tremembé; São Paulo; Brasil;3;79;3.80%;0.17;0.52
São Miguel do Oeste; Santa Catarina; Brasil;2;114;1.75%;0.65;1.3
São José de Mipibu; Rio Grande do Norte; Brasil;1;33;3.03%;0.09;0.09
Rolândia; Paraná; Brasil;12;120;10.00%;0.24;2.93
Monte Alto; São Paulo; Brasil;5;122;4.10%;0.48;2.39
Madre de Deus; Bahia; Brasil;2;29;6.90%;0.15;0.31
Aracati; Ceará; Brasil;1;110;0.91%;0.51;0.51
Porangatu; Goiás; Brasil;1;84;1.19%;0.06;0.06
Barracão; Paraná; Brasil;3;60;5.00%;0.19;0.57
Pontes e Lacerda; Mato Grosso; Brasil;3;144;2.08%;0.09;0.28
Pirapora do Bom Jesus; São Paulo; Brasil;0;44;0.00%;--;0
Américo Brasiliense; São Paulo; Brasil;2;60;3.33%;0.6;1.19
Total: Locais;;;5669;299056;1.90%;0.39;2213.41
Total: Conta;;;6806;341850;1.99%;0.37;2551.89
